,Player,Team,Pos,G,MIN,PTS,REB,AST,STL,BLK,3PM,FG%,FT%,TO,3PA,3P%,FGM,FGA,FTM,FTA,2DBL,3DBL,PF,FPTS
1,Joel Embiid,PHI,C,39,33.6,34.7,11.0,5.6,1.2,1.7,1.4,52.9,88.3,3.8,3.6,38.8,11.5,21.8,10.2,11.6,0.8,0.1,2.9,61.1
2,Luka Doncic,LAL,G,70,37.5,33.9,9.2,9.8,1.4,0.5,4.1,48.7,78.6,4.0,10.6,38.2,11.5,23.6,6.8,8.7,0.7,0.3,2.1,61.5
3,Giannis Antetokounmpo,MIL,F,73,35.2,30.4,11.5,6.5,1.2,1.1,0.5,61.1,65.7,3.4,1.7,27.4,11.5,18.8,7.0,10.7,0.8,0.1,2.9,57.4
4,Shai Gilgeous-Alexander,OKC,G,75,34.1,30.1,5.5,6.2,2.0,0.9,1.3,53.5,87.4,2.2,3.6,35.3,10.6,19.8,7.6,8.7,0.1,0.0,2.5,52.5
5,Jalen Brunson,NYK,G,77,35.4,28.7,3.6,6.7,0.9,0.2,2.7,47.9,84.7,2.4,6.8,40.1,10.3,21.4,5.5,6.5,0.1,0.0,1.9,44.0
T6,Kevin Durant,HOU,F,75,37.2,27.1,6.6,5.0,0.9,1.2,2.2,52.3,85.6,3.3,5.4,41.3,10.0,19.1,4.8,5.6,0.2,0.0,1.8,45.7
T6,Devin Booker,PHO,G,68,35.9,27.1,4.5,6.9,0.9,0.4,2.2,49.2,88.6,2.6,6.1,36.4,9.4,19.2,6.0,6.7,0.2,0.0,3.0,44.2
8,Jayson Tatum,BOS,F,74,35.7,26.9,8.1,4.9,1.0,0.6,3.1,47.1,83.3,2.5,8.2,37.6,9.1,19.3,5.6,6.7,0.3,0.0,2.0,46.2
T9,De'Aaron Fox,SAS,G,74,35.9,26.6,4.6,5.6,2.0,0.4,2.9,46.5,73.8,2.6,7.8,36.9,9.7,20.9,4.2,5.7,0.1,0.0,2.6,45.3
T9,Donovan Mitchell,CLE,G,55,35.3,26.6,5.1,6.1,1.8,0.5,3.3,46.2,86.5,2.8,9.0,36.8,9.1,19.8,5.0,5.8,0.1,0.0,2.1,46.1
T11,Nikola Jokic,DEN,C,79,34.6,26.4,12.4,9.0,1.4,0.9,1.1,58.3,81.7,3.0,2.9,35.9,10.4,17.9,4.5,5.5,0.9,0.3,2.5,58.3
T11,Stephen Curry,GSW,G,74,32.7,26.4,4.5,5.1,0.7,0.4,4.8,45.0,92.3,2.8,11.8,40.8,8.8,19.5,4.0,4.4,0.1,0.0,1.6,40.0
T13,Tyrese Maxey,PHI,G,70,37.4,25.9,3.7,6.2,1.0,0.5,3.0,45.0,86.8,1.7,8.1,37.3,9.1,20.3,4.7,5.4,0.1,0.0,2.2,42.4
T13,Anthony Edwards,MIN,G,79,35.1,25.9,5.4,5.1,1.3,0.5,2.4,46.1,83.6,3.1,6.7,35.7,9.1,19.7,5.4,6.4,0.1,0.0,1.8,42.5
T15,Trae Young,ATL,G,54,35.9,25.7,2.8,10.8,1.3,0.2,3.2,43.0,85.5,4.4,8.7,37.3,8.0,18.7,6.4,7.5,0.7,0.0,2.0,45.5
T15,LeBron James,LAL,F,71,35.3,25.7,7.3,8.3,1.3,0.5,2.1,54.0,75.0,3.5,5.1,41.0,9.6,17.9,4.3,5.7,0.4,0.1,1.1,48.8
17,Kyrie Irving,DAL,G,58,35.0,25.6,5.0,5.2,1.3,0.5,3.0,49.7,90.5,1.8,7.3,41.1,9.7,19.5,3.3,3.6,0.1,0.0,1.9,42.8
18,Ja Morant,MEM,G,9,35.3,25.1,5.6,8.1,0.8,0.6,1.6,47.1,81.3,3.0,5.7,27.5,8.9,18.9,5.8,7.1,0.3,0.0,2.1,44.9
19,Anthony Davis,DAL,C,76,35.5,24.7,12.6,3.5,1.2,2.3,0.4,55.6,81.6,2.1,1.4,27.1,9.4,16.9,5.5,6.8,0.8,0.0,2.3,53.6
20,Damian Lillard,POR,G,73,35.3,24.3,4.4,7.0,1.0,0.2,3.0,42.4,92.0,2.6,8.5,35.4,7.4,17.5,6.5,7.0,0.2,0.0,1.8,41.1
T21,DeMar DeRozan,SAC,F,79,37.9,24.0,4.3,5.3,1.1,0.6,0.9,48.0,85.3,1.7,2.8,33.3,8.2,17.2,6.6,7.7,0.1,0.0,2.0,40.6
T21,Julius Randle,MIN,F,46,35.4,24.0,9.2,5.0,0.5,0.3,1.7,47.2,78.1,3.5,5.3,31.1,8.6,18.2,5.1,6.6,0.4,0.0,2.7,41.4
23,LaMelo Ball,CHA,G,22,32.4,23.9,5.1,8.0,1.8,0.2,3.2,43.3,86.5,3.8,9.0,35.5,8.3,19.2,4.1,4.7,0.3,0.0,3.6,44.3
T24,Desmond Bane,ORL,G,42,34.4,23.7,4.4,5.5,1.0,0.5,3.3,46.4,87.0,2.7,8.6,38.1,8.6,18.5,3.3,3.8,0.1,0.0,2.9,39.2
T24,Kawhi Leonard,LAC,F,68,34.3,23.7,6.1,3.6,1.6,0.9,2.1,52.5,88.5,1.8,4.9,41.7,9.0,17.1,3.7,4.2,0.1,0.0,1.4,42.2
26,Lauri Markkanen,UTA,F,55,33.1,23.2,8.2,2.0,0.9,0.5,3.2,48.0,89.9,1.4,8.0,39.9,7.8,16.2,4.5,5.0,0.3,0.0,1.8,38.8
27,Jaylen Brown,BOS,F,70,33.5,23.0,5.5,3.6,1.2,0.5,2.1,49.9,70.3,2.4,5.9,35.4,9.0,17.9,3.0,4.3,0.1,0.0,2.6,37.7
28,Zion Williamson,NOP,F,70,31.6,22.9,5.8,5.0,1.1,0.7,0.1,57.0,70.2,2.8,0.3,33.3,8.9,15.6,5.0,7.1,0.2,0.0,2.3,39.9
29,Cade Cunningham,DET,G,62,33.5,22.7,4.3,7.5,0.9,0.4,1.9,44.9,86.9,3.4,5.4,35.5,8.5,18.8,3.8,4.4,0.2,0.0,2.5,39.4
T30,Paolo Banchero,ORL,F,80,35.0,22.6,6.9,5.4,0.9,0.6,1.5,45.5,72.5,3.1,4.4,33.9,8.0,17.6,5.1,7.0,0.2,0.0,1.9,40.3
T30,Anfernee Simons,BOS,G,46,34.4,22.6,3.6,5.5,0.5,0.1,3.4,43.0,91.6,2.7,8.8,38.5,7.8,18.2,3.5,3.9,0.1,0.0,2.1,34.3
T30,Paul George,PHI,F,74,33.8,22.6,5.2,3.5,1.5,0.5,3.3,47.1,90.7,2.1,7.9,41.3,7.9,16.7,3.6,3.9,0.0,0.0,2.7,38.2
T33,Dejounte Murray,NOP,G,78,35.7,22.5,5.3,6.4,1.4,0.3,2.6,45.9,79.4,2.6,7.1,36.3,8.6,18.8,2.7,3.4,0.3,0.0,1.8,41.1
T33,Jaren Jackson,MEM,F,66,32.2,22.5,5.5,2.3,1.2,1.6,1.8,44.4,80.8,2.4,5.5,32.0,7.8,17.6,5.1,6.3,0.1,0.0,3.6,38.7
T33,Cam Thomas,BKN,G,66,31.4,22.5,3.2,2.9,0.7,0.2,2.2,44.2,85.6,1.9,6.0,36.4,8.0,18.0,4.3,5.1,0.0,0.0,2.1,31.6
36,Kyle Kuzma,MIL,F,70,32.6,22.2,6.6,4.2,0.5,0.7,2.2,46.3,77.5,2.7,6.4,33.6,8.7,18.8,2.7,3.4,0.2,0.0,2.2,37.4
37,Karl-Anthony Towns,NYK,C,62,32.7,21.8,8.3,3.0,0.7,0.7,2.2,50.4,87.3,2.9,5.3,41.6,7.7,15.3,4.1,4.7,0.4,0.0,3.3,37.5
38,Pascal Siakam,IND,F,80,33.3,21.7,7.1,4.3,0.8,0.3,1.1,53.6,73.2,1.8,3.1,34.6,8.5,15.9,3.6,5.0,0.2,0.0,2.4,38.1
39,Victor Wembanyama,SAS,C,71,29.6,21.4,10.6,3.9,1.2,3.6,1.8,46.5,79.6,3.7,5.5,32.5,7.8,16.7,4.1,5.2,0.6,0.0,2.2,50.8
40,Jamal Murray,DEN,G,59,31.5,21.2,4.1,6.5,1.0,0.7,2.5,48.1,85.3,2.1,5.8,42.5,8.0,16.7,2.7,3.1,0.2,0.0,1.8,38.6
41,Alperen Sengun,HOU,C,63,32.5,21.1,9.3,5.0,1.2,0.7,0.5,53.7,69.3,2.6,1.8,29.7,8.4,15.6,3.9,5.6,0.5,0.0,3.3,43.0
T42,Miles Bridges,CHA,F,69,37.5,21.0,7.3,3.3,0.9,0.5,2.3,46.2,82.5,2.0,6.5,34.9,8.1,17.5,2.5,3.1,0.3,0.0,1.7,37.1
T42,Jerami Grant,POR,F,54,33.9,21.0,3.5,2.8,0.8,0.6,2.1,45.1,81.7,2.1,5.1,40.2,7.1,15.7,4.7,5.8,0.0,0.0,2.2,31.7
T44,Jimmy Butler,GSW,F,60,34.0,20.8,5.3,5.0,1.3,0.3,1.0,49.9,85.8,1.7,2.4,41.4,6.6,13.2,6.6,7.7,0.1,0.0,1.1,37.7
T44,Brandon Ingram,TOR,F,64,32.9,20.8,5.1,5.7,0.8,0.6,1.3,49.2,80.1,2.5,3.8,35.5,7.8,15.9,3.8,4.8,0.0,0.0,2.3,37.1
T44,Tyler Herro,MIA,G,42,33.5,20.8,5.3,4.5,0.7,0.1,3.1,44.1,85.6,2.2,7.9,39.6,7.7,17.5,2.3,2.6,0.0,0.0,1.5,34.0
47,RJ Barrett,TOR,F,58,31.7,20.2,5.4,3.3,0.5,0.4,1.6,49.5,71.5,2.2,4.3,36.0,7.5,15.2,3.6,5.0,0.0,0.0,2.2,32.3
T48,Kristaps Porzingis,ATL,C,57,29.6,20.1,7.2,2.0,0.7,1.9,1.9,51.6,85.8,1.6,5.1,37.5,6.8,13.2,4.5,5.3,0.2,0.0,2.7,38.2
T48,Tyrese Haliburton,IND,G,69,32.2,20.1,3.9,10.9,1.2,0.7,2.8,47.7,85.5,2.3,7.8,36.4,7.2,15.2,2.8,3.3,0.6,0.0,1.1,44.6
50,CJ McCollum,WAS,G,66,32.7,20.0,4.3,4.6,0.9,0.6,3.6,45.9,82.7,1.7,8.4,42.9,7.3,16.0,1.7,2.1,0.0,0.0,1.9,35.2
51,Scottie Barnes,TOR,F,60,34.9,19.9,8.2,6.1,1.3,1.5,1.7,47.5,78.1,2.8,4.9,34.1,7.5,15.7,3.3,4.2,0.4,0.1,2.0,44.2
52,Terry Rozier,MIA,G,61,33.4,19.8,4.0,5.6,1.0,0.3,2.4,44.3,86.9,1.7,6.7,36.3,7.2,16.4,2.8,3.2,0.1,0.0,1.7,35.4
53,Franz Wagner,ORL,F,72,32.5,19.7,5.3,3.7,1.1,0.4,1.3,48.2,85.0,1.9,4.6,28.1,7.3,15.2,3.8,4.4,0.0,0.0,2.3,34.1
T54,Mikal Bridges,NYK,F,82,34.8,19.6,4.5,3.6,1.0,0.4,2.7,43.6,81.4,2.0,7.2,37.2,6.9,15.8,3.1,3.9,0.0,0.0,1.4,32.6
T54,Jalen Green,PHO,G,82,31.7,19.6,5.2,3.5,0.8,0.3,2.5,42.3,80.4,2.3,7.4,33.2,6.9,16.2,3.5,4.3,0.1,0.0,1.4,32.3
T56,Devin Vassell,SAS,F,68,33.0,19.5,3.8,4.1,1.1,0.3,2.4,47.2,80.1,1.6,6.6,37.2,7.3,15.5,2.4,3.0,0.0,0.0,1.1,32.8
T56,Zach LaVine,SAC,F,25,34.9,19.5,5.2,3.9,0.8,0.3,2.4,45.2,85.4,2.1,6.8,34.9,6.8,15.0,3.5,4.1,0.0,0.0,2.3,33.0
58,Domantas Sabonis,SAC,C,82,35.7,19.4,13.7,8.2,0.9,0.6,0.4,59.4,70.4,3.3,1.1,37.9,7.7,13.0,3.6,5.1,0.9,0.3,3.0,49.3
59,Bam Adebayo,MIA,C,71,34.0,19.3,10.4,3.9,1.1,0.9,0.2,52.1,75.5,2.3,0.6,35.7,7.5,14.3,4.1,5.5,0.6,0.0,2.2,41.5
T60,Jalen Williams,OKC,F,71,31.3,19.1,4.0,4.5,1.1,0.6,1.5,54.0,81.4,1.7,3.4,42.7,7.5,14.0,2.5,3.1,0.0,0.0,2.5,34.2
T60,Coby White,CHI,G,79,36.4,19.1,4.5,5.1,0.7,0.2,2.6,44.7,83.8,2.1,7.0,37.6,6.8,15.3,2.8,3.3,0.1,0.0,2.4,32.8
62,Collin Sexton,CHA,G,78,26.6,18.7,2.6,4.9,0.8,0.2,1.6,48.7,85.9,2.1,4.2,39.4,6.5,13.3,4.1,4.7,0.1,0.0,2.0,30.2
63,Bradley Beal,LAC,G,53,33.3,18.2,4.4,5.0,1.0,0.5,1.9,51.3,81.3,2.5,4.4,43.0,7.1,13.9,2.1,2.5,0.1,0.0,2.4,32.9
T64,D'Angelo Russell,DAL,G,76,32.7,18.0,3.1,6.3,0.9,0.5,3.0,45.6,82.8,2.1,7.2,41.5,6.5,14.2,2.1,2.5,0.1,0.0,2.1,33.3
T64,Darius Garland,CLE,G,57,33.3,18.0,2.7,6.5,1.3,0.1,2.3,44.6,83.4,3.1,6.2,37.1,6.6,14.8,2.6,3.1,0.1,0.0,1.7,32.2
T64,Nikola Vucevic,CHI,C,76,34.4,18.0,10.5,3.3,0.7,0.8,1.2,48.4,82.2,1.6,4.1,29.4,7.7,15.9,1.4,1.7,0.6,0.0,2.5,38.5
67,Klay Thompson,DAL,F,77,29.6,17.9,3.3,2.3,0.6,0.5,3.5,43.2,92.7,1.5,9.0,38.7,6.4,14.7,1.6,1.8,0.0,0.0,1.6,27.0
T68,Fred VanVleet,HOU,G,73,36.8,17.4,3.8,8.1,1.4,0.8,3.1,41.6,86.0,1.7,8.0,38.7,5.8,13.9,2.7,3.1,0.3,0.0,2.5,38.9
T68,Jordan Poole,NOP,G,78,30.1,17.4,2.7,4.4,1.1,0.3,2.4,41.3,87.7,2.4,7.2,32.6,6.3,15.2,2.5,2.8,0.1,0.0,3.1,29.1
70,Brandon Miller,CHA,F,74,32.2,17.3,4.3,2.4,0.9,0.6,2.5,44.0,82.7,1.8,6.7,37.3,6.4,14.6,1.9,2.3,0.0,0.0,2.5,28.5
71,Tobias Harris,DET,F,70,33.9,17.2,6.5,3.1,1.0,0.7,1.3,48.7,87.8,1.3,3.7,35.3,6.6,13.6,2.7,3.0,0.1,0.0,1.6,33.3
T72,Jordan Clarkson,NYK,G,55,30.6,17.1,3.4,5.0,0.6,0.1,1.7,41.3,88.1,2.7,5.6,29.4,6.1,14.8,3.2,3.7,0.1,0.0,1.5,28.4
T72,Myles Turner,MIL,C,77,27.0,17.1,6.9,1.3,0.5,1.9,1.5,52.4,77.3,1.4,4.2,35.8,6.2,11.8,3.2,4.1,0.2,0.0,3.0,33.0
74,Immanuel Quickley,TOR,G,68,29.2,17.0,3.8,4.9,0.7,0.1,2.5,43.4,85.3,1.5,6.4,39.5,5.7,13.1,3.1,3.6,0.1,0.0,1.8,30.0
75,Bogdan Bogdanovic,LAC,G,79,30.4,16.9,3.4,3.1,1.2,0.3,3.0,42.8,92.1,1.4,8.1,37.4,6.0,13.9,1.9,2.1,0.0,0.0,2.3,28.9
T76,Deandre Ayton,LAL,C,55,32.4,16.7,11.1,1.6,1.0,0.8,0.0,57.0,82.3,1.8,0.2,10.0,7.8,13.6,1.2,1.4,0.6,0.0,2.0,36.0
T76,Michael Porter,BKN,F,81,31.7,16.7,7.0,1.5,0.5,0.7,2.7,48.4,83.6,1.1,6.8,39.7,6.4,13.3,1.1,1.4,0.2,0.0,1.8,29.8
78,James Harden,LAC,G,72,34.3,16.6,5.1,8.5,1.1,0.8,2.6,42.8,87.8,2.6,6.8,38.1,4.9,11.4,4.2,4.8,0.3,0.0,1.8,38.5
T79,Jarrett Allen,CLE,C,77,31.7,16.5,10.5,2.7,0.7,1.1,0.0,63.4,74.2,1.6,0.1,0.0,6.7,10.6,3.0,4.1,0.5,0.0,1.9,36.9
T79,Chet Holmgren,OKC,C,82,29.4,16.5,7.9,2.4,0.6,2.3,1.6,53.0,79.3,1.6,4.3,37.0,6.2,11.6,2.7,3.4,0.3,0.0,2.4,37.0
81,Jonathan Kuminga,GSW,F,74,26.4,16.1,4.8,2.2,0.7,0.5,0.7,52.9,74.6,1.6,2.2,32.1,6.2,11.6,3.0,4.0,0.1,0.0,2.3,27.2
82,Jalen Johnson,ATL,F,56,33.7,16.0,8.7,3.6,1.2,0.8,1.3,51.1,72.8,1.8,3.6,35.5,6.4,12.5,1.9,2.6,0.3,0.0,2.4,36.2
T83,Austin Reaves,LAL,G,82,32.0,15.9,4.3,5.5,0.8,0.3,1.9,48.6,85.3,2.1,5.1,36.7,5.6,11.5,2.8,3.3,0.1,0.0,1.9,30.4
T83,Shaedon Sharpe,POR,G,32,33.1,15.9,5.0,2.9,0.9,0.4,1.9,40.6,82.4,2.3,5.6,33.3,5.5,13.6,3.1,3.7,0.0,0.0,2.8,27.8
T85,Evan Mobley,CLE,F,50,30.6,15.7,9.4,3.2,0.9,1.4,0.4,58.0,71.9,1.8,1.2,37.3,6.4,11.0,2.5,3.4,0.4,0.0,2.7,37.0
T85,Keldon Johnson,SAS,F,69,29.6,15.7,5.5,2.8,0.7,0.3,1.8,45.4,79.2,1.4,5.3,34.6,5.7,12.5,2.5,3.2,0.1,0.0,2.2,28.1
T85,Malcolm Brogdon,NYK,G,39,28.8,15.7,3.8,5.5,0.7,0.2,2.1,44.0,81.9,1.5,5.1,41.2,5.6,12.7,2.4,3.0,0.1,0.0,1.5,29.7
88,De'Andre Hunter,CLE,F,57,29.5,15.6,3.9,1.5,0.7,0.3,2.1,45.9,84.7,1.5,5.3,38.5,5.3,11.6,2.9,3.4,0.1,0.0,2.6,24.1
89,Donte DiVincenzo,MIN,G,81,29.1,15.5,3.7,2.7,1.3,0.4,3.5,44.3,75.4,1.4,8.7,40.1,5.5,12.4,1.1,1.4,0.0,0.0,2.0,27.8
T90,Kelly Oubre,PHI,F,68,30.3,15.4,5.0,1.5,1.1,0.7,1.5,44.1,75.0,1.3,4.8,31.1,5.7,12.9,2.6,3.4,0.1,0.0,2.9,27.9
T90,Malik Monk,SAC,G,72,26.0,15.4,2.9,5.1,0.6,0.5,2.1,44.3,82.9,2.1,5.9,35.0,5.5,12.4,2.4,2.8,0.0,0.0,2.2,28.1
T90,Jaden Ivey,DET,G,77,28.8,15.4,3.4,3.8,0.7,0.5,1.6,42.9,74.9,2.5,4.8,33.6,5.4,12.6,2.9,3.9,0.0,0.0,2.6,26.6
T93,Keegan Murray,SAC,F,77,33.6,15.2,5.5,1.7,1.0,0.8,2.4,45.4,83.1,0.8,6.6,35.8,5.8,12.7,1.3,1.6,0.1,0.0,2.7,28.8
T93,Bojan Bogdanovic,FA,F,57,25.9,15.2,2.7,1.7,0.5,0.1,2.3,45.4,78.5,1.8,5.9,39.8,5.4,11.9,2.1,2.6,0.0,0.0,1.7,21.1
T93,Derrick White,BOS,G,73,32.6,15.2,4.2,5.2,1.0,1.2,2.7,46.1,90.1,1.5,6.8,39.6,5.3,11.5,1.9,2.1,0.1,0.0,2.1,33.1
T96,Khris Middleton,WAS,F,55,27.1,15.1,4.7,5.3,0.9,0.3,1.7,49.3,83.3,2.3,4.5,38.1,5.8,11.7,1.8,2.2,0.1,0.0,2.6,29.9
T96,John Collins,LAC,F,68,27.9,15.1,8.5,1.1,0.6,0.9,1.3,53.2,79.5,1.4,3.4,37.1,5.8,11.0,2.2,2.7,0.4,0.0,2.8,30.0
98,Trey Murphy,NOP,F,57,29.7,14.8,4.9,2.2,0.9,0.5,3.0,44.3,81.5,0.6,7.8,38.0,4.8,10.9,2.2,2.6,0.0,0.0,1.2,27.5
T99,Deni Avdija,POR,F,75,30.1,14.7,7.2,3.8,0.8,0.5,1.2,50.6,74.0,2.1,3.1,37.4,5.4,10.7,2.7,3.6,0.2,0.0,2.5,30.8
T99,OG Anunoby,NYK,F,50,34.1,14.7,4.2,2.1,1.4,0.7,2.0,48.9,75.3,1.6,5.3,38.2,5.6,11.5,1.3,1.8,0.0,0.0,2.4,27.5
101,GG Jackson,MEM,F,48,25.7,14.6,4.1,1.2,0.6,0.5,2.1,42.8,75.2,1.4,6.0,35.7,5.0,11.7,2.4,3.2,0.0,0.0,1.3,23.2
T102,Marcus Smart,LAL,G,20,30.2,14.5,2.7,4.3,2.1,0.3,2.1,43.0,76.8,3.1,6.7,31.3,5.1,11.9,2.2,2.8,0.0,0.0,2.7,27.9
T102,Bennedict Mathurin,IND,F,59,26.1,14.5,4.0,2.0,0.6,0.2,1.4,44.6,82.1,1.6,3.6,37.4,5.0,11.2,3.1,3.8,0.1,0.0,2.0,23.1
104,Tim Hardaway,DEN,F,79,26.9,14.4,3.2,1.8,0.5,0.1,2.7,40.2,85.2,0.9,7.6,35.3,5.0,12.4,1.8,2.1,0.0,0.0,1.3,21.9
T105,Dennis Schroder,SAC,G,80,31.1,14.0,3.0,6.1,0.8,0.2,1.7,43.5,83.6,1.9,4.6,37.5,5.0,11.6,2.2,2.7,0.1,0.0,2.1,27.9
T105,Caris LeVert,DET,G,68,28.8,14.0,4.1,5.1,1.1,0.5,1.6,42.1,76.6,1.7,4.9,32.5,5.1,12.1,2.3,3.0,0.1,0.0,1.8,29.7
T105,Scoot Henderson,POR,G,62,28.5,14.0,3.1,5.4,0.8,0.2,1.4,38.5,81.9,3.4,4.3,32.5,5.0,12.9,2.7,3.3,0.1,0.0,3.1,25.4
T105,Rudy Gobert,MIN,C,76,34.0,14.0,12.9,1.3,0.7,2.1,0.0,66.1,63.8,1.6,0.0,0.0,5.3,8.1,3.3,5.1,0.7,0.0,3.1,38.4
T109,Aaron Gordon,DEN,F,73,31.4,13.9,6.5,3.5,0.8,0.6,0.5,55.6,65.8,1.4,1.9,29.0,5.5,9.8,2.4,3.7,0.2,0.0,1.9,29.7
T109,Norman Powell,MIA,G,76,26.2,13.9,2.6,1.1,0.6,0.3,2.2,48.6,83.1,0.9,5.1,43.5,4.9,10.1,1.9,2.3,0.0,0.0,1.8,20.3
T111,Jalen Duren,DET,C,61,29.1,13.8,11.6,2.4,0.5,0.8,0.0,61.9,79.0,2.1,0.1,0.0,5.7,9.2,2.3,3.0,0.7,0.0,3.1,33.2
T111,Bobby Portis,MIL,F,82,24.5,13.8,7.4,1.3,0.8,0.4,1.2,50.8,79.0,1.1,3.0,40.7,5.7,11.2,1.2,1.5,0.2,0.0,2.3,27.2
T113,Saddiq Bey,NOP,F,63,32.7,13.7,6.5,1.5,0.8,0.2,1.8,41.6,83.7,0.9,5.7,31.6,4.6,11.1,2.7,3.2,0.1,0.0,1.4,25.8
T113,Jabari Smith,HOU,F,76,31.8,13.7,8.1,1.6,0.7,0.8,1.8,45.4,81.1,1.2,5.0,36.3,5.0,11.0,2.0,2.4,0.2,0.0,2.6,29.1
T113,Gary Trent,MIL,G,71,28.1,13.7,2.6,1.7,1.1,0.1,2.5,42.6,77.1,0.7,6.4,39.3,5.1,11.9,1.0,1.4,0.0,0.0,1.4,22.4
116,Rui Hachimura,LAL,F,68,26.8,13.6,4.3,1.2,0.6,0.4,1.4,53.7,73.9,0.7,3.4,42.2,5.3,9.9,1.5,2.0,0.1,0.0,1.5,22.8
T117,Grayson Allen,PHO,G,75,33.5,13.5,3.9,3.0,0.9,0.6,2.7,49.9,87.8,1.3,5.9,46.1,4.5,9.1,1.7,2.0,0.0,0.0,2.1,26.1
T117,Naz Reid,MIN,C,81,24.2,13.5,5.2,1.3,0.8,0.9,2.1,47.7,73.6,1.4,5.0,41.4,5.0,10.5,1.3,1.8,0.1,0.0,2.1,25.4
T119,Corey Kispert,WAS,F,80,25.9,13.4,2.8,2.0,0.5,0.2,2.3,48.6,72.6,1.2,6.0,38.3,4.8,9.9,1.4,2.0,0.0,0.0,1.8,20.6
T119,Cameron Johnson,DEN,F,58,27.6,13.4,4.3,2.4,0.8,0.3,2.4,44.6,78.9,1.0,6.1,39.1,4.8,10.7,1.5,1.9,0.0,0.0,1.8,24.5
121,Andrew Wiggins,MIA,F,71,27.1,13.2,4.5,1.7,0.6,0.6,1.3,45.3,75.1,1.2,3.6,35.8,5.0,11.0,2.0,2.7,0.0,0.0,2.1,23.4
122,Keyonte George,UTA,G,75,27.0,13.0,2.8,4.4,0.5,0.1,2.0,39.1,84.8,2.5,5.9,33.4,4.3,10.9,2.5,3.0,0.0,0.0,1.2,22.2
T123,Scotty Pippen,MEM,G,21,25.0,12.9,3.2,4.7,1.7,0.5,1.4,49.3,74.5,2.7,3.4,41.7,4.8,9.7,2.0,2.6,0.0,0.0,2.9,27.6
T123,P.J. Washington,DAL,F,73,30.4,12.9,5.6,1.9,1.0,0.8,1.8,43.6,68.3,1.3,5.7,32.0,4.8,11.1,1.4,2.0,0.1,0.0,2.3,26.6
T123,Duncan Robinson,DET,F,68,28.0,12.9,2.5,2.8,0.7,0.2,2.8,45.0,88.9,1.4,7.0,39.5,4.5,9.9,1.2,1.3,0.0,0.0,2.4,21.5
T126,Dillon Brooks,PHO,F,72,30.9,12.7,3.4,1.7,0.9,0.1,1.8,42.8,84.4,1.2,5.1,35.9,4.6,10.7,1.7,2.0,0.0,0.0,3.3,21.1
T126,Mark Williams,PHO,C,19,26.7,12.7,9.7,1.2,0.8,1.1,0.0,64.9,71.9,0.9,0.0,0.0,5.2,7.9,2.4,3.4,0.4,0.0,2.6,30.9
128,Jalen Suggs,ORL,G,75,27.0,12.6,3.1,2.7,1.4,0.6,2.0,47.1,75.6,1.8,5.1,39.7,4.5,9.5,1.6,2.1,0.0,0.0,2.7,24.7
T129,Jrue Holiday,POR,G,69,32.8,12.5,5.4,4.8,0.9,0.8,2.0,48.0,83.3,1.8,4.7,42.9,4.8,10.0,0.9,1.0,0.1,0.0,1.6,29.3
T129,Brook Lopez,LAC,C,79,30.5,12.5,5.2,1.6,0.5,2.4,1.9,48.5,82.1,1.0,5.1,36.6,4.6,9.6,1.4,1.7,0.1,0.0,2.4,29.0
T131,Cam Whitmore,WAS,F,47,18.7,12.3,3.8,0.7,0.6,0.4,1.7,45.4,67.9,1.0,4.7,35.9,4.5,9.9,1.6,2.4,0.0,0.0,1.4,20.0
T131,Josh Giddey,CHI,G,80,25.1,12.3,6.4,4.8,0.6,0.6,1.0,47.5,80.6,2.1,3.0,33.7,5.0,10.6,1.3,1.6,0.1,0.0,1.4,28.7
T133,Aaron Nesmith,IND,F,72,27.7,12.2,3.8,1.5,0.9,0.7,1.9,49.6,78.1,0.9,4.6,41.9,4.4,8.8,1.5,1.9,0.0,0.0,3.3,22.9
T133,Ayo Dosunmu,CHI,G,76,29.1,12.2,2.8,3.2,0.9,0.5,1.6,50.1,81.0,1.4,3.9,40.3,4.7,9.5,1.1,1.4,0.0,0.0,2.2,23.1
T133,Javonte Green,DET,F,9,25.6,12.2,7.4,0.6,1.1,0.9,1.1,60.0,76.9,0.8,3.0,37.0,5.0,8.3,1.1,1.4,0.1,0.0,2.1,27.2
T133,Max Strus,CLE,F,70,32.0,12.2,4.8,4.0,0.9,0.4,2.4,41.8,79.4,1.6,6.8,35.1,4.3,10.4,1.1,1.4,0.1,0.0,2.4,26.4
T133,Harrison Barnes,SAS,F,82,29.0,12.2,3.0,1.2,0.7,0.1,1.8,47.4,80.1,0.7,4.7,38.7,4.2,8.9,1.9,2.4,0.0,0.0,1.2,19.4
T133,Jonas Valanciunas,DEN,C,82,23.5,12.2,8.8,2.1,0.4,0.8,0.5,55.8,78.5,1.4,1.5,30.8,4.9,8.8,2.0,2.5,0.4,0.0,2.7,28.3
139,Buddy Hield,GSW,G,84,25.7,12.1,3.2,2.8,0.8,0.5,2.6,43.6,88.1,1.2,6.8,38.6,4.4,10.1,0.6,0.7,0.0,0.0,2.0,22.9
140,Tyus Jones,ORL,G,66,29.3,12.0,2.7,7.3,1.1,0.3,1.6,48.9,80.0,1.0,3.9,41.4,4.9,10.1,0.5,0.6,0.1,0.0,0.7,29.3
141,Jaime Jaquez,MIA,F,75,28.1,11.9,3.8,2.6,1.0,0.3,0.9,48.9,81.1,1.5,2.7,32.2,4.5,9.3,1.9,2.3,0.0,0.0,2.2,22.7
142,Nic Claxton,BKN,C,71,29.8,11.8,9.9,2.1,0.6,2.1,0.0,62.9,55.1,1.3,0.1,20.0,5.2,8.2,1.5,2.8,0.4,0.0,2.5,33.7
T143,Ivica Zubac,LAC,C,68,26.4,11.7,9.2,1.4,0.3,1.2,0.0,64.9,72.3,1.2,0.0,0.0,5.0,7.6,1.8,2.4,0.3,0.0,2.6,28.2
T143,Marvin Bagley,WAS,C,50,21.0,11.7,6.2,1.1,0.4,0.7,0.2,58.6,76.2,1.2,0.5,39.1,4.8,8.2,1.9,2.5,0.2,0.0,1.6,22.8
T145,Jeremy Sochan,SAS,F,74,29.6,11.6,6.4,3.4,0.8,0.5,0.9,43.8,77.1,1.9,3.1,30.8,4.6,10.5,1.5,1.9,0.1,0.0,2.3,26.6
T145,Cole Anthony,MIL,G,81,22.4,11.6,3.8,2.9,0.8,0.5,1.1,43.5,82.6,1.6,3.4,33.8,4.1,9.4,2.2,2.7,0.0,0.0,2.2,22.7
147,Clint Capela,HOU,C,73,25.8,11.5,10.6,1.2,0.6,1.5,0.0,57.1,63.1,1.0,0.0,0.0,4.8,8.5,1.8,2.8,0.5,0.0,2.2,31.2
148,Mike Conley,MIN,G,76,28.8,11.4,2.9,5.9,1.2,0.2,2.4,45.7,91.1,1.3,5.3,44.2,3.9,8.5,1.3,1.5,0.1,0.0,1.7,26.5
T149,Brandon Clarke,MEM,C,6,22.3,11.3,5.3,1.5,0.8,1.0,0.2,55.9,14.3,0.5,1.0,16.7,5.5,9.8,0.2,1.2,0.0,0.0,1.3,25.0
T149,Malik Beasley,FA,G,79,29.6,11.3,3.7,1.4,0.7,0.1,2.8,44.3,71.4,0.7,6.9,41.3,4.1,9.1,0.3,0.4,0.0,0.0,2.0,19.6
151,Zach Collins,CHI,C,69,22.1,11.2,5.4,2.8,0.5,0.8,0.8,48.4,75.3,1.9,2.6,32.0,4.3,8.9,1.8,2.3,0.0,0.0,3.0,23.8
T152,Jakob Poeltl,TOR,C,50,26.4,11.1,8.6,2.5,0.7,1.5,0.0,65.6,55.1,1.5,0.0,0.0,5.0,7.6,1.2,2.1,0.4,0.0,3.0,30.3
T152,De'Anthony Melton,GSW,G,38,26.9,11.1,3.7,3.0,1.6,0.4,2.0,38.6,83.5,1.0,5.6,36.0,3.7,9.5,1.7,2.1,0.0,0.0,2.2,25.0
T152,Russell Westbrook,FA,G,68,22.4,11.1,5.0,4.5,1.1,0.3,0.6,45.4,68.8,2.1,2.3,27.3,4.4,9.8,1.6,2.4,0.1,0.0,1.8,26.1
T155,Wendell Carter,ORL,C,55,25.5,11.0,6.9,1.7,0.6,0.5,1.2,52.5,69.4,1.2,3.1,37.4,4.1,7.7,1.7,2.4,0.2,0.0,2.2,24.1
T155,Luke Kennard,ATL,G,39,25.6,11.0,2.9,3.5,0.5,0.1,2.7,44.8,88.9,1.4,6.1,45.0,3.6,8.1,1.0,1.2,0.0,0.0,1.0,20.0
T155,Daniel Gafford,DAL,C,74,24.5,11.0,7.6,1.6,0.9,2.1,0.0,72.5,67.4,1.0,0.0,0.0,4.7,6.5,1.6,2.4,0.2,0.0,3.1,30.3
T155,Herbert Jones,NOP,F,76,30.5,11.0,3.6,2.6,1.4,0.8,1.5,49.8,86.7,1.2,3.6,41.8,3.9,7.7,1.8,2.1,0.0,0.0,2.9,24.6
T155,Eric Gordon,PHI,G,68,27.8,11.0,1.8,2.0,1.0,0.4,2.2,44.3,79.7,1.1,5.8,37.8,4.0,9.1,0.8,0.9,0.0,0.0,1.2,19.4
T160,Jusuf Nurkic,UTA,C,76,27.3,10.9,11.0,4.0,1.1,1.1,0.3,51.0,64.0,2.3,1.2,24.4,4.2,8.3,2.2,3.4,0.4,0.0,3.3,34.1
T160,Moritz Wagner,ORL,C,80,17.7,10.9,4.3,1.2,0.5,0.3,0.5,60.1,81.4,1.2,1.4,33.0,4.2,6.9,2.1,2.6,0.0,0.0,2.0,18.9
T160,Luguentz Dort,OKC,F,79,28.4,10.9,3.6,1.4,0.9,0.6,2.0,43.8,82.6,0.9,5.0,39.4,3.6,8.3,1.6,2.0,0.0,0.0,2.9,20.9
T160,Isaiah Stewart,DET,F,46,31.0,10.9,6.6,1.6,0.4,0.8,1.5,48.7,75.3,1.4,3.8,38.3,4.0,8.3,1.4,1.8,0.1,0.0,2.2,23.4
T164,Jake LaRavia,LAL,F,35,23.1,10.8,3.7,1.7,0.8,0.3,1.5,38.9,82.6,1.3,4.5,34.0,3.4,8.7,2.6,3.1,0.1,0.0,2.0,19.9
T164,Bruce Brown,DEN,G,67,27.8,10.8,4.2,2.9,0.9,0.3,0.8,47.8,82.4,1.3,2.4,32.3,4.1,8.7,1.7,2.1,0.0,0.0,2.2,22.3
166,Santi Aldama,MEM,F,61,26.6,10.7,5.8,2.3,0.7,0.9,1.7,43.5,62.1,1.1,5.0,34.9,4.0,9.3,0.9,1.4,0.1,0.0,1.5,24.7
T167,Jaden McDaniels,MIN,F,72,29.2,10.5,3.1,1.4,0.9,0.6,1.2,48.9,72.2,1.2,3.5,33.7,4.3,8.7,0.8,1.1,0.0,0.0,3.0,19.5
T167,Spencer Dinwiddie,CHA,G,76,28.3,10.5,2.7,4.7,0.7,0.3,1.6,39.2,80.5,1.2,4.8,33.7,3.3,8.4,2.2,2.8,0.1,0.0,1.8,22.4
T167,Simone Fontecchio,MIA,F,66,24.9,10.5,3.7,1.5,0.7,0.3,2.0,46.0,81.8,1.0,5.1,40.1,3.8,8.3,0.8,1.0,0.0,0.0,1.7,19.3
170,Alec Burks,FA,G,66,18.3,10.4,2.3,1.3,0.4,0.2,1.9,36.9,86.8,0.7,5.0,37.6,3.2,8.6,2.2,2.5,0.0,0.0,1.1,16.3
T171,Dalano Banton,DAL,G,54,19.4,10.3,3.3,2.4,0.6,0.4,1.1,40.4,78.3,1.4,3.7,29.6,3.7,9.3,1.7,2.2,0.0,0.0,1.2,19.3
T171,Obi Toppin,IND,F,82,21.1,10.3,3.9,1.6,0.6,0.5,1.2,57.3,77.0,0.8,3.1,40.3,4.0,7.1,0.9,1.2,0.0,0.0,1.7,19.8
T171,Grant Williams,CHA,F,76,28.0,10.3,4.2,2.3,0.6,0.5,1.7,45.6,75.7,1.4,4.4,37.5,3.6,8.0,1.4,1.8,0.0,0.0,3.0,20.6
T174,Onyeka Okongwu,ATL,C,55,25.5,10.2,6.8,1.3,0.5,1.1,0.4,61.1,79.3,0.8,1.3,33.3,4.1,6.6,1.7,2.1,0.1,0.0,2.9,24.3
T174,Kevin Huerter,CHI,G,64,24.5,10.2,3.5,2.6,0.7,0.4,1.9,44.3,76.6,0.8,5.3,36.1,3.9,8.8,0.6,0.7,0.0,0.0,2.1,20.7
T174,Reggie Jackson,FA,G,82,22.2,10.2,1.9,3.8,0.5,0.2,1.2,43.1,80.6,1.3,3.5,35.9,4.0,9.2,1.0,1.2,0.0,0.0,1.8,18.9
T174,T.J. McConnell,IND,G,71,18.2,10.2,2.7,5.5,1.0,0.1,0.3,55.6,79.0,1.5,0.6,40.9,4.6,8.4,0.7,0.9,0.1,0.0,1.1,23.6
T178,Talen Horton-Tucker,FA,G,51,19.7,10.1,2.4,3.5,0.9,0.4,1.2,39.6,80.7,1.3,3.6,33.0,3.6,9.1,1.7,2.1,0.0,0.0,1.8,20.7
T178,Kentavious Caldwell-Pope,MEM,G,76,31.6,10.1,2.4,2.4,1.3,0.6,1.6,46.0,89.4,1.0,4.1,40.6,3.6,7.7,1.3,1.5,0.0,0.0,2.0,21.1
T178,Alex Caruso,OKC,G,71,28.7,10.1,3.8,3.5,1.7,1.0,1.9,46.8,76.0,1.4,4.7,40.8,3.6,7.6,1.0,1.4,0.0,0.0,2.5,26.5
T181,Patrick Williams,CHI,F,43,27.3,10.0,3.9,1.5,0.9,0.8,1.4,44.3,78.8,1.3,3.4,39.9,3.7,8.3,1.2,1.5,0.0,0.0,2.0,20.7
T181,Tre Jones,CHI,G,77,27.7,10.0,3.8,6.2,1.0,0.1,0.8,50.5,85.6,1.5,2.5,33.5,3.9,7.8,1.3,1.5,0.1,0.0,1.2,25.7
T181,Caleb Martin,DAL,F,64,27.5,10.0,4.4,2.2,0.7,0.5,1.3,43.1,77.8,1.2,3.6,34.9,3.8,8.7,1.2,1.5,0.0,0.0,2.0,21.0
T181,Vince Williams,MEM,F,52,27.7,10.0,5.6,3.4,0.9,0.7,1.5,44.6,80.0,1.8,4.0,37.8,3.3,7.3,2.0,2.5,0.1,0.0,2.6,24.7
T185,Jalen Smith,CHI,C,61,17.1,9.9,5.5,1.0,0.3,0.6,1.0,59.2,69.2,0.7,2.4,42.4,3.8,6.5,1.2,1.7,0.1,0.0,2.0,20.0
T185,Josh Richardson,FA,G,43,25.7,9.9,2.8,2.4,0.6,0.3,1.5,44.4,94.4,0.8,4.4,34.7,3.6,8.1,1.2,1.3,0.0,0.0,1.8,18.7
T187,Gordon Hayward,FA,F,51,24.5,9.8,3.5,3.1,0.8,0.3,0.7,46.4,74.2,1.3,1.8,41.1,3.7,7.9,1.7,2.4,0.0,0.0,1.3,20.5
T187,Tari Eason,HOU,F,22,21.8,9.8,7.0,1.2,1.4,0.9,0.8,46.6,63.6,0.9,2.3,36.0,4.0,8.6,1.0,1.5,0.1,0.0,2.3,25.9
T187,Kelly Olynyk,SAS,C,78,22.6,9.8,5.3,4.4,0.9,0.4,0.8,55.5,83.3,1.9,2.0,38.7,3.5,6.4,1.9,2.3,0.1,0.0,2.9,24.8
T190,Lonnie Walker,FA,G,58,17.5,9.7,2.2,1.3,0.6,0.3,1.8,42.3,76.3,0.9,4.7,38.4,3.6,8.5,0.8,1.0,0.0,0.0,1.2,16.1
T190,Nick Richards,PHO,C,67,26.2,9.7,8.0,0.8,0.4,1.1,0.0,69.1,73.7,1.1,0.0,0.0,3.9,5.6,2.0,2.7,0.3,0.0,2.6,24.0
192,Payton Pritchard,BOS,G,82,22.2,9.6,3.2,3.4,0.5,0.1,1.8,46.8,82.1,0.7,4.7,38.5,3.6,7.7,0.6,0.7,0.0,0.0,1.3,19.5
193,Amen Thompson,HOU,G,62,22.4,9.5,6.6,2.6,1.3,0.6,0.1,53.6,68.4,1.5,0.9,13.8,3.9,7.2,1.7,2.5,0.2,0.0,2.3,25.6
T194,Josh Hart,NYK,F,81,33.4,9.4,8.3,4.1,0.9,0.3,1.0,43.4,79.1,1.5,3.2,31.0,3.6,8.4,1.1,1.4,0.3,0.1,2.1,27.7
T194,Isaac Okoro,CHI,F,69,27.4,9.4,3.0,1.9,0.8,0.5,1.2,49.0,67.9,0.8,3.1,39.1,3.4,7.0,1.3,2.0,0.0,0.0,2.0,19.0
T194,Georges Niang,UTA,F,82,22.3,9.4,3.4,1.2,0.4,0.2,1.8,44.9,85.0,0.9,4.8,37.6,3.5,7.7,0.6,0.7,0.0,0.0,2.3,16.1
197,Tre Mann,CHA,G,41,24.2,9.3,3.6,4.0,1.2,0.1,1.1,45.9,76.3,1.6,3.1,37.3,3.5,7.7,1.1,1.4,0.0,0.0,1.2,22.1
T198,Chris Paul,LAC,G,58,26.4,9.2,3.9,6.8,1.2,0.1,1.3,44.1,82.7,1.3,3.6,37.1,3.6,8.1,0.7,0.9,0.1,0.0,1.9,26.6
T198,Andrew Nembhard,IND,G,68,24.9,9.2,2.1,4.1,0.9,0.1,0.9,49.8,80.4,1.5,2.5,35.7,3.8,7.7,0.7,0.8,0.0,0.0,2.1,19.4
T198,Brandin Podziemski,GSW,G,74,26.6,9.2,5.8,3.7,0.8,0.2,1.2,45.4,63.3,1.2,3.2,38.5,3.7,8.1,0.7,1.1,0.1,0.0,1.6,23.5
T198,Malaki Branham,WAS,G,75,21.2,9.2,2.0,2.1,0.3,0.1,1.2,43.2,87.3,1.2,3.6,34.7,3.6,8.4,0.7,0.8,0.0,0.0,1.3,14.8
202,Duop Reath,POR,C,68,17.9,9.1,3.7,1.0,0.5,0.6,1.3,46.1,74.2,0.8,3.6,35.9,3.4,7.3,1.0,1.4,0.0,0.0,2.4,17.3
203,Sam Hauser,BOS,F,79,22.1,9.0,3.5,1.0,0.5,0.3,2.5,44.6,89.5,0.4,5.9,42.4,3.2,7.1,0.2,0.2,0.0,0.0,1.3,16.8
T204,Taurean Prince,MIL,F,78,27.0,8.9,2.9,1.5,0.7,0.4,1.8,44.2,73.5,0.9,4.6,39.6,3.2,7.3,0.6,0.9,0.0,0.0,1.9,17.4
T204,Jabari Walker,PHI,F,72,23.6,8.9,7.1,1.0,0.6,0.3,0.6,46.0,75.4,0.9,1.9,29.5,3.3,7.1,1.8,2.4,0.2,0.0,2.4,20.6
T206,Ausar Thompson,DET,F,63,25.1,8.8,6.4,1.9,1.1,0.9,0.3,48.3,59.7,1.3,1.8,18.6,3.7,7.6,1.1,1.9,0.0,0.0,2.8,24.1
T206,Dereck Lively,DAL,C,55,23.5,8.8,6.9,1.1,0.7,1.4,0.0,74.7,50.6,0.9,0.0,0.0,4.0,5.4,0.7,1.5,0.1,0.0,2.6,23.9
T206,Kevin Love,UTA,C,55,16.8,8.8,6.1,2.1,0.3,0.2,1.5,44.0,78.7,0.9,4.4,34.4,2.9,6.5,1.5,2.0,0.1,0.0,1.8,20.0
T206,Terance Mann,BKN,G,75,25.0,8.8,3.4,1.6,0.6,0.2,0.9,51.5,83.2,0.6,2.7,34.8,3.4,6.6,1.1,1.3,0.0,0.0,1.9,16.9
T210,Draymond Green,GSW,C,55,27.1,8.6,7.2,6.0,1.0,0.9,0.9,49.7,73.0,2.5,2.3,39.5,3.4,6.8,1.0,1.3,0.2,0.0,3.0,29.5
T210,Al Horford,GSW,C,65,26.8,8.6,6.4,2.6,0.6,1.0,1.7,51.1,86.7,0.7,4.0,41.9,3.3,6.4,0.4,0.5,0.0,0.0,1.4,24.0
T210,Derrick Jones,LAC,F,76,23.4,8.6,3.3,1.0,0.7,0.7,1.1,48.3,71.3,0.9,3.1,34.3,3.1,6.5,1.3,1.8,0.0,0.0,1.6,17.3
T213,Dorian Finney-Smith,HOU,F,68,28.4,8.5,4.7,1.6,0.8,0.6,1.7,42.1,71.7,0.9,4.9,34.8,3.2,7.5,0.5,0.7,0.0,0.0,2.2,19.8
T213,Gradey Dick,TOR,F,60,21.2,8.5,2.2,1.1,0.6,0.0,1.5,42.5,86.3,0.8,4.0,36.5,3.2,7.4,0.7,0.9,0.0,0.0,1.5,13.8
T213,Tristan Vukcevic,WAS,C,10,15.2,8.5,3.6,1.3,0.5,0.7,1.0,43.3,77.3,1.0,3.6,27.8,2.9,6.7,1.7,2.2,0.0,0.0,2.8,17.4
T216,Andre Drummond,PHI,C,79,17.1,8.4,9.0,0.5,0.9,0.6,0.0,55.6,59.2,1.0,0.0,0.0,3.4,6.1,1.6,2.8,0.2,0.0,1.8,23.4
T216,Bilal Coulibaly,WAS,F,63,27.3,8.4,4.1,1.7,0.9,0.8,1.0,43.5,70.2,1.4,2.9,34.6,3.0,6.9,1.5,2.1,0.0,0.0,2.2,19.6
T218,Miles McBride,NYK,G,68,19.5,8.3,1.5,1.7,0.7,0.1,1.6,45.2,86.0,0.4,3.9,41.0,3.0,6.7,0.6,0.7,0.0,0.0,1.6,14.6
T218,Marcus Sasser,DET,G,71,19.0,8.3,1.8,3.3,0.6,0.2,1.3,42.8,87.9,1.3,3.4,37.5,3.1,7.2,0.8,0.9,0.0,0.0,1.5,16.5
T220,Isaiah Joe,OKC,G,78,18.5,8.2,2.3,1.3,0.6,0.3,1.9,45.8,86.5,0.6,4.5,41.6,2.8,6.2,0.6,0.7,0.0,0.0,1.1,14.8
T220,Ziaire Williams,BKN,F,51,20.4,8.2,3.5,1.5,0.7,0.2,1.1,39.7,82.7,1.3,3.7,30.7,2.9,7.4,1.2,1.5,0.0,0.0,1.7,16.0
T220,Josh Green,CHA,F,57,26.4,8.2,3.2,2.3,0.8,0.2,1.3,47.9,68.4,1.1,3.3,38.5,3.1,6.6,0.7,1.0,0.0,0.0,1.9,17.4
T223,Walker Kessler,UTA,C,64,23.3,8.1,7.5,0.9,0.5,2.4,0.1,65.4,60.2,1.0,0.3,21.1,3.6,5.5,0.9,1.5,0.1,0.0,2.1,26.1
T223,Moses Moody,GSW,F,66,17.6,8.1,3.0,0.9,0.6,0.4,1.1,46.2,78.5,0.7,3.0,36.0,2.9,6.4,1.1,1.4,0.0,0.0,1.4,15.3
T223,Kyle Lowry,PHI,G,60,28.2,8.1,3.2,4.2,1.0,0.4,1.6,43.2,84.0,1.4,4.2,39.2,2.7,6.3,1.1,1.3,0.1,0.0,2.4,20.9
T226,Dario Saric,SAC,C,64,17.2,8.0,4.4,2.3,0.5,0.2,1.2,46.6,84.9,1.2,3.1,37.6,2.8,6.1,1.2,1.5,0.0,0.0,1.8,17.4
T226,Nickeil Alexander-Walker,ATL,G,82,23.4,8.0,2.0,2.5,0.8,0.5,1.6,43.9,80.0,0.9,4.1,39.1,2.9,6.6,0.6,0.8,0.0,0.0,1.7,17.1
T226,Derrick Rose,FA,G,24,16.6,8.0,1.9,3.3,0.3,0.1,0.6,46.1,88.9,1.3,1.7,36.6,3.2,6.9,1.0,1.1,0.0,0.0,0.9,15.0
T226,Sam Merrill,CLE,G,61,17.5,8.0,2.0,1.8,0.3,0.1,2.3,40.2,92.9,0.3,5.8,40.4,2.6,6.4,0.4,0.5,0.0,0.0,1.2,13.8
230,Trayce Jackson-Davis,GSW,C,68,16.7,7.9,5.0,1.2,0.4,1.1,0.0,70.2,56.1,0.7,0.0,0.0,3.4,4.9,1.1,1.9,0.1,0.0,1.6,19.7
T231,Jordan Hawkins,NOP,G,67,17.3,7.8,2.2,1.0,0.3,0.1,1.6,38.2,83.8,0.6,4.4,36.6,2.6,6.8,1.0,1.2,0.0,0.0,1.1,12.6
T231,Isaiah Hartenstein,OKC,C,75,25.3,7.8,8.3,2.5,1.2,1.1,0.0,64.4,70.7,1.2,0.0,33.3,3.1,4.9,1.5,2.1,0.1,0.0,2.8,27.1
T231,Markelle Fultz,FA,G,43,21.1,7.8,3.2,2.8,1.0,0.3,0.1,47.2,69.7,1.2,0.4,22.2,3.6,7.6,0.5,0.8,0.0,0.0,1.5,18.6
T231,Dante Exum,DAL,G,55,19.8,7.8,2.7,2.9,0.4,0.1,1.0,53.3,77.9,0.9,2.0,49.1,2.9,5.5,1.0,1.2,0.0,0.0,1.5,15.9
T235,RaiQuan Gray,FA,F,3,13.3,7.7,2.3,2.0,0.3,0.3,1.0,58.8,0.0,0.3,2.3,42.9,3.3,5.7,0.0,0.0,0.0,0.0,0.0,15.1
T235,Royce O'Neale,PHO,F,79,24.7,7.7,4.8,2.8,0.7,0.6,2.0,39.7,68.6,0.9,5.3,37.0,2.7,6.8,0.3,0.4,0.1,0.0,2.2,20.6
T235,Nikola Jovic,MIA,F,46,19.5,7.7,4.2,2.0,0.5,0.3,1.4,45.2,70.2,0.9,3.5,39.9,2.8,6.1,0.7,1.0,0.0,0.0,1.8,17.2
238,Precious Achiuwa,MIA,C,74,21.9,7.6,6.6,1.3,0.6,0.9,0.4,50.1,61.6,1.1,1.3,26.8,3.2,6.3,0.9,1.5,0.1,0.0,1.9,21.0
T239,Toumani Camara,POR,F,70,24.8,7.5,4.9,1.2,0.9,0.5,0.8,45.0,75.8,1.2,2.5,33.7,2.8,6.3,1.1,1.4,0.0,0.0,2.5,18.3
T239,Brice Sensabaugh,UTA,F,32,18.3,7.5,3.2,1.7,0.4,0.2,1.1,39.0,90.2,1.5,3.6,29.6,2.7,6.8,1.2,1.3,0.0,0.0,1.3,14.2
T239,Cody Martin,FA,G,28,26.9,7.5,3.9,3.7,1.1,0.6,1.0,38.1,60.6,1.6,3.1,31.4,2.9,7.7,0.7,1.2,0.0,0.0,1.7,21.6
242,Cameron Payne,FA,G,78,16.7,7.4,1.5,2.6,0.5,0.1,1.3,43.2,86.6,0.8,3.4,39.0,2.7,6.2,0.7,0.9,0.0,0.0,1.6,14.3
T243,Taylor Hendricks,UTA,F,40,21.4,7.3,4.6,0.8,0.7,0.8,1.3,45.0,79.3,0.7,3.5,37.9,2.7,6.0,0.6,0.7,0.0,0.0,1.9,17.7
T243,Paul Reed,DET,C,82,19.4,7.3,6.0,1.3,0.8,1.0,0.3,54.0,71.8,0.8,0.7,36.8,3.2,5.9,0.7,1.0,0.1,0.0,2.4,21.2
T243,Christian Braun,DEN,G,82,20.2,7.3,3.7,1.6,0.5,0.4,0.8,46.0,69.4,0.7,2.0,38.4,2.7,5.9,1.1,1.6,0.0,0.0,1.7,16.4
T243,Jaden Hardy,DAL,G,73,13.6,7.3,1.8,1.5,0.3,0.1,1.1,40.7,77.6,0.8,3.1,36.2,2.7,6.6,0.8,1.0,0.0,0.0,1.1,11.9
T247,Lamar Stevens,FA,F,38,14.7,7.2,3.3,0.7,0.6,0.6,0.4,45.0,77.8,0.6,1.2,30.4,2.8,6.3,1.1,1.4,0.0,0.0,1.2,15.2
T247,Trey Lyles,FA,F,58,20.0,7.2,4.4,1.2,0.3,0.3,1.4,44.5,70.0,0.7,3.8,38.4,2.5,5.5,0.8,1.2,0.0,0.0,1.5,15.6
T247,Johnny Juzang,MIN,G,20,18.6,7.2,1.8,1.2,0.2,0.1,1.6,46.4,71.4,0.7,3.9,41.6,2.6,5.5,0.5,0.7,0.0,0.0,1.5,11.3
T247,Kevin Knox,FA,F,31,18.1,7.2,2.4,0.7,0.4,0.2,1.0,46.2,90.9,0.7,3.0,33.0,2.8,6.0,0.6,0.7,0.0,0.0,1.6,12.4
T251,Landry Shamet,NYK,G,46,15.8,7.1,1.3,1.2,0.5,0.2,1.2,43.1,82.6,0.7,3.4,33.8,2.6,6.0,0.8,1.0,0.0,0.0,1.7,12.1
T251,Jose Alvarado,NOP,G,56,18.4,7.1,2.3,2.1,1.1,0.3,1.4,41.2,67.3,0.7,3.7,37.7,2.5,6.2,0.6,0.9,0.0,0.0,1.6,16.2
T251,James Wiseman,IND,C,63,17.3,7.1,5.3,0.9,0.2,0.6,0.0,61.3,70.6,1.0,0.0,0.0,3.0,4.8,1.1,1.6,0.1,0.0,2.2,16.1
T251,Naji Marshall,DAL,F,66,19.0,7.1,3.6,1.9,0.7,0.2,0.9,46.3,79.1,1.0,2.3,38.7,2.6,5.6,1.0,1.3,0.0,0.0,1.4,16.1
T255,Vasilije Micic,FA,G,60,19.6,7.0,1.5,4.4,0.5,0.1,0.7,43.0,81.3,1.7,2.6,27.9,2.7,6.2,1.0,1.3,0.1,0.0,1.1,15.6
T255,Jordan Nwora,FA,F,52,13.6,7.0,2.9,1.2,0.5,0.3,0.8,46.2,83.0,1.0,2.5,33.6,2.7,5.8,0.8,1.0,0.0,0.0,0.9,13.5
T255,Javon Freeman-Liberty,FA,G,22,18.3,7.0,3.2,1.8,0.5,0.2,0.5,44.4,91.7,1.1,1.9,23.8,2.5,5.6,1.5,1.6,0.0,0.0,1.3,14.3
T255,Quentin Grimes,PHI,G,51,20.1,7.0,2.0,1.3,0.7,0.1,1.6,37.2,75.6,0.5,4.7,33.8,2.4,6.4,0.7,0.9,0.0,0.0,1.5,13.3
T259,Evan Fournier,FA,G,32,18.3,6.9,1.8,1.5,0.9,0.2,1.0,35.7,80.6,0.7,4.1,25.4,2.5,6.9,0.9,1.1,0.0,0.0,1.5,14.0
T259,Christian Wood,FA,C,50,17.4,6.9,5.1,1.0,0.3,0.7,0.7,46.6,70.2,1.0,2.3,30.7,2.5,5.3,1.3,1.9,0.0,0.0,1.4,16.4
T259,Aaron Wiggins,OKC,F,78,15.7,6.9,2.4,1.1,0.7,0.2,0.8,56.2,78.9,0.7,1.6,49.2,2.7,4.8,0.7,0.9,0.0,0.0,1.2,13.6
T259,Maozinha Pereira,FA,F,7,17.3,6.9,5.3,0.3,0.9,0.6,0.7,51.4,70.0,0.7,1.9,38.5,2.6,5.0,1.0,1.4,0.1,0.0,1.4,17.2
T259,Killian Hayes,CLE,G,42,24.0,6.9,2.8,4.9,0.9,0.5,0.5,41.3,66.0,1.2,1.8,29.7,2.8,6.7,0.8,1.2,0.0,0.0,1.8,20.4
T259,Gary Harris,MIL,G,54,24.0,6.9,1.7,1.6,0.9,0.3,1.4,44.1,75.6,0.6,3.8,37.1,2.4,5.5,0.6,0.8,0.0,0.0,1.7,14.3
T259,Bones Hyland,MIN,G,37,14.6,6.9,1.5,2.5,0.7,0.1,1.2,38.6,78.3,1.2,3.6,32.6,2.6,6.8,0.5,0.6,0.0,0.0,1.4,13.7
T259,Trendon Watford,PHI,F,63,13.6,6.9,3.1,1.3,0.4,0.3,0.4,52.7,79.4,1.0,1.1,39.7,2.6,4.9,1.2,1.5,0.0,0.0,1.7,13.5
T267,Trey Jemison,NYK,C,25,22.9,6.8,5.4,1.1,0.5,1.1,0.0,55.1,84.0,1.4,0.0,0.0,3.0,5.4,0.8,1.0,0.0,0.0,2.8,18.3
T267,Cedi Osman,FA,F,72,17.6,6.8,2.5,1.7,0.5,0.2,1.2,47.9,67.3,0.7,3.1,38.9,2.6,5.3,0.5,0.7,0.0,0.0,1.5,13.6
T267,Robert Williams,POR,C,6,19.8,6.8,6.3,0.8,1.2,1.2,0.0,65.4,77.8,1.2,0.0,0.0,2.8,4.3,1.2,1.5,0.0,0.0,2.8,21.5
T267,Jonathan Isaac,ORL,F,58,15.8,6.8,4.5,0.5,0.7,1.2,0.7,51.0,72.0,0.5,1.9,37.5,2.5,4.9,1.0,1.4,0.0,0.0,1.1,18.3
T267,Julian Champagnie,SAS,F,74,19.9,6.8,2.8,1.4,0.6,0.6,1.4,40.8,81.5,0.8,3.7,36.5,2.2,5.4,1.0,1.2,0.0,0.0,1.0,15.1
T267,Cason Wallace,OKC,G,82,20.6,6.8,2.3,1.5,0.9,0.5,1.2,49.1,78.4,0.5,2.9,41.9,2.6,5.4,0.4,0.5,0.0,0.0,1.6,15.4
T267,Day'Ron Sharpe,BKN,C,61,15.1,6.8,6.4,1.4,0.4,0.7,0.1,57.1,61.0,1.1,0.2,26.7,2.8,4.8,1.2,2.0,0.1,0.0,2.1,18.7
T274,Davis Bertans,FA,F,43,15.7,6.7,1.4,0.8,0.6,0.3,1.8,39.3,90.9,0.4,4.7,38.0,2.1,5.4,0.7,0.8,0.0,0.0,1.3,11.9
T274,Peyton Watson,DEN,F,80,18.6,6.7,3.2,1.1,0.5,1.1,0.6,46.5,67.0,0.7,1.9,29.6,2.6,5.6,0.9,1.3,0.0,0.0,1.8,16.3
T274,Jahmi'us Ramsey,FA,G,7,17.1,6.7,3.1,1.1,1.0,0.0,0.9,43.9,83.3,1.0,3.1,27.3,2.6,5.9,0.7,0.9,0.0,0.0,1.4,14.2
T277,Amir Coffey,MIL,F,70,20.8,6.6,2.1,1.1,0.6,0.2,1.0,47.2,85.9,0.5,2.6,38.0,2.4,5.0,0.9,1.0,0.0,0.0,1.5,12.7
T277,Isaiah Jackson,IND,C,58,13.3,6.6,4.1,0.9,0.6,1.1,0.0,66.5,71.6,0.7,0.1,0.0,2.7,4.0,1.3,1.8,0.1,0.0,2.4,17.1
T277,Dennis Smith,DAL,G,56,18.9,6.6,2.9,3.6,1.2,0.2,0.6,43.5,74.1,1.2,1.9,29.4,2.6,6.0,0.8,1.0,0.1,0.0,2.2,18.6
T277,Aaron Holiday,HOU,G,78,16.3,6.6,1.6,1.8,0.5,0.1,1.1,44.6,92.1,0.7,2.8,38.7,2.4,5.3,0.7,0.8,0.0,0.0,1.6,12.3
T281,Chimezie Metu,FA,C,51,16.8,6.5,3.8,0.9,0.8,0.3,0.5,50.4,90.6,1.0,1.8,29.8,2.4,4.8,1.1,1.3,0.0,0.0,1.4,14.9
T281,David Duke,PHO,G,4,12.8,6.5,2.5,1.3,0.5,0.0,0.8,55.6,100.0,0.8,1.5,50.0,2.5,4.5,0.8,0.8,0.0,0.0,1.0,12.1
T281,Jeff Green,HOU,F,78,16.7,6.5,2.3,0.9,0.2,0.4,0.7,45.6,81.9,0.6,2.1,33.1,2.1,4.7,1.6,1.9,0.0,0.0,1.3,11.8
T281,David Roddy,TOR,F,65,18.1,6.5,3.2,1.2,0.4,0.2,0.7,40.3,69.1,0.9,2.5,29.3,2.5,6.3,0.7,1.0,0.0,0.0,1.1,13.2
T281,Jordan Goodwin,PHO,G,57,18.5,6.5,4.4,2.7,0.8,0.3,0.7,36.9,74.6,1.0,2.5,29.8,2.5,6.7,0.8,1.0,0.1,0.0,1.3,18.4
T286,Marcus Morris,FA,F,49,16.6,6.4,2.7,0.7,0.3,0.3,1.0,43.9,81.8,0.6,2.4,40.3,2.4,5.4,0.7,0.9,0.0,0.0,1.5,11.9
T286,Kyle Anderson,UTA,F,79,22.5,6.4,3.5,4.2,0.9,0.6,0.1,46.0,70.8,1.2,0.6,22.9,2.5,5.5,1.2,1.7,0.0,0.0,1.6,20.2
T286,Chris Boucher,BOS,F,50,14.1,6.4,4.1,0.5,0.3,0.5,0.6,50.7,77.2,0.6,1.9,33.0,2.2,4.3,1.4,1.8,0.0,0.0,1.4,13.8
T289,Jared Butler,PHO,G,40,14.1,6.3,1.5,3.2,0.7,0.2,0.6,48.8,86.1,1.3,2.0,30.8,2.5,5.0,0.8,0.9,0.0,0.0,1.5,14.3
T289,Bruno Fernando,FA,C,45,15.2,6.3,4.3,1.0,0.6,0.6,0.0,58.3,66.7,1.0,0.1,0.0,2.4,4.2,1.4,2.1,0.0,0.0,2.4,15.5
T289,Daniel Theis,FA,C,60,16.9,6.3,4.1,1.0,0.4,0.9,0.4,53.2,76.0,0.7,1.2,36.6,2.6,4.9,0.6,0.8,0.0,0.0,2.1,15.6
T292,Patrick Beverley,FA,G,73,20.1,6.2,3.3,2.9,0.6,0.4,0.8,41.7,82.2,0.9,2.5,33.7,2.2,5.2,1.0,1.2,0.0,0.0,1.8,16.6
T292,Jaylen Nowell,FA,G,13,16.3,6.2,1.8,1.5,0.3,0.2,0.5,43.6,77.8,0.5,2.2,20.7,2.6,6.0,0.5,0.7,0.0,0.0,1.2,11.5
T292,Keon Johnson,FA,G,5,12.2,6.2,1.4,0.6,0.6,0.2,0.8,38.1,91.7,1.0,2.0,40.0,1.6,4.2,2.2,2.4,0.0,0.0,1.0,10.2
T292,Jae Crowder,FA,F,50,23.1,6.2,3.2,1.3,0.8,0.2,1.2,42.2,72.2,0.5,3.3,34.9,2.3,5.4,0.5,0.7,0.0,0.0,1.5,14.4
T296,Ben Simmons,FA,F,15,23.9,6.1,7.9,5.7,0.8,0.6,0.0,58.1,40.0,1.8,0.0,0.0,2.9,4.9,0.4,1.0,0.2,0.0,2.4,26.7
T296,Haywood Highsmith,BKN,F,66,20.7,6.1,3.2,1.1,0.8,0.5,1.2,46.5,63.9,0.5,2.9,39.6,2.3,5.0,0.3,0.5,0.0,0.0,1.8,14.8
T296,Kris Murray,POR,F,62,21.7,6.1,3.6,1.3,0.9,0.3,0.8,39.6,66.1,0.9,3.0,26.8,2.3,5.9,0.6,0.9,0.0,0.0,1.5,15.0
T296,Vit Krejci,ATL,G,22,24.6,6.1,2.4,2.3,0.6,0.3,1.3,49.0,83.3,0.9,3.1,41.2,2.3,4.7,0.2,0.3,0.0,0.0,2.2,14.1
300,Zavier Simpson,FA,G,7,23.1,6.0,2.9,3.6,1.0,0.4,0.7,31.5,75.0,1.4,2.4,29.4,2.4,7.7,0.4,0.6,0.0,0.0,1.6,17.6
T301,Tosan Evbuomwan,NYK,F,17,21.5,5.9,3.5,0.9,0.4,0.3,0.7,50.7,68.0,0.5,1.9,37.5,2.1,4.2,1.0,1.5,0.0,0.0,1.4,13.0
T301,Nick Smith,LAL,G,51,14.2,5.9,1.4,1.2,0.2,0.1,1.2,39.1,86.7,0.8,2.9,43.2,2.2,5.7,0.3,0.3,0.0,0.0,1.1,9.6
T301,Justin Champagnie,WAS,F,15,15.7,5.9,3.5,1.3,0.7,0.6,0.9,41.0,80.0,0.7,3.0,28.9,2.1,5.2,0.8,1.0,0.0,0.0,0.9,15.2
T304,Ochai Agbaji,TOR,F,78,21.0,5.8,2.8,1.1,0.6,0.6,0.8,41.1,66.1,0.8,2.7,29.4,2.3,5.6,0.5,0.7,0.0,0.0,1.5,13.4
T304,Noah Clowney,BKN,F,23,16.1,5.8,3.5,0.8,0.3,0.7,0.5,53.8,70.0,0.7,1.4,36.4,2.2,4.0,0.9,1.3,0.0,0.0,1.1,13.7
T304,Dyson Daniels,ATL,G,61,22.3,5.8,3.9,2.7,1.4,0.4,0.7,44.7,64.2,1.0,2.2,31.1,2.3,5.1,0.6,0.9,0.0,0.0,1.7,18.9
T307,Danilo Gallinari,FA,F,49,12.9,5.7,2.2,1.1,0.3,0.1,0.6,43.7,85.7,0.5,1.9,32.3,1.7,3.9,1.7,2.0,0.0,0.0,1.0,10.8
T307,Thomas Bryant,CLE,C,38,11.6,5.7,3.7,0.6,0.3,0.4,0.1,57.7,87.2,0.6,0.6,18.2,2.3,3.9,1.1,1.2,0.1,0.0,1.2,12.6
T307,Torrey Craig,FA,F,53,19.8,5.7,4.1,1.1,0.6,0.4,1.1,43.0,75.0,0.6,2.9,39.2,2.0,4.7,0.5,0.7,0.0,0.0,2.1,14.6
T307,Larry Nance,CLE,C,61,19.9,5.7,5.0,1.9,1.0,0.3,0.4,57.3,77.0,0.8,1.1,41.5,2.3,4.0,0.8,1.0,0.0,0.0,1.6,17.7
T311,Pat Connaughton,CHA,F,76,22.0,5.6,3.1,2.1,0.5,0.3,1.1,43.5,75.9,0.6,3.1,34.5,2.0,4.6,0.6,0.8,0.0,0.0,1.3,14.3
T311,Mitchell Robinson,NYK,C,31,24.7,5.6,8.5,0.6,1.2,1.1,0.0,57.5,40.9,0.8,0.0,0.0,2.4,4.1,0.9,2.1,0.1,0.0,1.8,22.8
T311,Craig Porter,CLE,G,51,12.8,5.6,2.1,2.3,0.4,0.3,0.2,50.9,73.2,0.9,0.7,35.3,2.3,4.5,0.8,1.1,0.0,0.0,0.8,12.9
T314,Malachi Flynn,FA,G,69,12.7,5.5,1.7,1.9,0.6,0.1,0.8,41.8,73.2,0.9,2.4,33.1,2.0,4.7,0.8,1.0,0.0,0.0,1.0,11.4
T314,Doug McDermott,SAC,F,64,14.1,5.5,0.9,1.1,0.3,0.0,1.5,43.3,57.9,0.4,3.6,41.0,1.9,4.4,0.2,0.3,0.0,0.0,1.0,8.6
T314,Dexter Dennis,SAC,G,4,7.5,5.5,2.3,1.0,0.0,0.3,0.3,52.6,33.3,0.8,2.0,12.5,2.5,4.8,0.3,0.8,0.0,0.0,0.3,9.7
T314,Neemias Queta,BOS,C,28,11.8,5.5,4.4,0.7,0.5,0.8,0.0,64.4,71.4,0.5,0.0,0.0,2.4,3.7,0.7,1.0,0.1,0.0,1.8,15.0
T314,Gary Payton,GSW,G,44,15.5,5.5,2.6,1.1,0.9,0.4,0.5,56.3,60.9,0.6,1.3,36.4,2.3,4.2,0.3,0.5,0.0,0.0,1.8,13.4
T319,Keon Ellis,SAC,G,57,17.1,5.4,2.2,1.5,0.9,0.5,1.2,46.1,74.3,0.6,2.9,41.7,1.9,4.1,0.5,0.6,0.0,0.0,2.0,13.8
T319,Kris Dunn,LAC,G,66,18.9,5.4,2.9,3.8,1.0,0.4,0.6,47.0,68.8,1.2,1.7,36.9,2.2,4.7,0.3,0.5,0.0,0.0,2.0,17.8
T319,Matisse Thybulle,POR,F,65,22.9,5.4,2.1,1.4,1.7,0.8,1.2,39.7,75.9,0.6,3.6,34.6,1.9,4.9,0.3,0.4,0.0,0.0,1.4,16.9
T319,Ricky Council,FA,F,32,9.0,5.4,1.4,0.5,0.3,0.0,0.4,48.2,74.6,0.2,1.0,37.5,1.7,3.5,1.7,2.2,0.0,0.0,0.5,8.6
T319,Dean Wade,CLE,F,54,20.6,5.4,4.0,0.8,0.7,0.5,1.5,41.4,76.9,0.4,3.7,39.1,1.8,4.3,0.4,0.5,0.0,0.0,1.7,14.7
T319,Matt Ryan,NYK,F,28,14.0,5.4,1.4,0.6,0.2,0.0,1.5,43.4,92.9,0.7,3.3,45.1,1.8,4.0,0.5,0.5,0.0,0.0,1.1,8.2
T319,Cam Reddish,FA,F,48,20.5,5.4,2.1,1.0,1.0,0.3,0.8,38.9,75.9,0.6,2.3,33.6,1.9,4.9,0.9,1.1,0.0,0.0,1.3,12.6
T319,Sasha Vezenkov,FA,F,42,12.2,5.4,2.3,0.5,0.5,0.2,1.1,44.0,80.0,0.3,2.9,37.5,2.0,4.5,0.3,0.4,0.0,0.0,1.0,10.4
T327,Nicolas Batum,LAC,F,60,25.4,5.3,4.1,2.1,0.8,0.6,1.2,45.3,71.4,0.7,3.1,39.5,1.9,4.3,0.3,0.4,0.0,0.0,1.8,17.1
T327,Seth Curry,GSW,G,43,14.3,5.3,1.6,1.0,0.5,0.1,0.9,39.2,90.3,0.5,2.5,35.2,1.9,4.7,0.7,0.7,0.0,0.0,0.9,10.2
T327,Darius Bazley,FA,F,9,16.7,5.3,3.1,0.8,0.7,0.8,0.2,60.0,83.3,0.9,0.9,25.0,2.0,3.3,1.1,1.3,0.0,0.0,0.3,13.7
T327,Mason Plumlee,CHA,C,46,14.6,5.3,5.1,1.2,0.3,0.4,0.0,56.9,70.7,0.8,0.1,0.0,1.9,3.3,1.5,2.2,0.0,0.0,1.5,14.4
T327,Xavier Tillman,BOS,F,54,18.1,5.3,3.9,1.4,0.9,0.8,0.4,43.4,44.0,0.6,1.5,24.7,2.2,5.2,0.4,0.9,0.0,0.0,1.4,16.7
T327,Davion Mitchell,MIA,G,72,15.3,5.3,1.3,1.9,0.2,0.0,0.8,45.2,71.4,0.6,2.2,36.1,2.0,4.5,0.4,0.6,0.0,0.0,1.2,9.9
T327,Stanley Umude,SAS,G,24,12.8,5.3,2.1,0.5,0.3,0.3,1.0,44.0,90.6,0.6,2.2,45.3,1.5,3.5,1.2,1.3,0.0,0.0,1.7,9.8
T327,Luke Kornet,SAS,C,63,15.7,5.3,4.1,1.1,0.4,1.0,0.0,70.0,90.7,0.3,0.0,100.0,2.3,3.2,0.8,0.9,0.0,0.0,1.2,15.5
T335,Bol Bol,FA,F,43,10.9,5.2,3.2,0.4,0.2,0.6,0.5,61.6,78.9,0.4,1.2,42.3,2.2,3.5,0.3,0.4,0.0,0.0,1.0,11.6
T335,Brandon Boston,FA,F,32,10.7,5.2,1.6,0.4,0.3,0.3,0.4,40.4,69.7,0.8,1.6,26.9,2.0,5.0,0.7,1.0,0.0,0.0,1.3,8.8
T335,Jarred Vanderbilt,LAL,F,29,20.1,5.2,4.8,1.2,1.2,0.2,0.3,51.8,66.7,1.0,0.9,29.6,2.0,3.9,0.8,1.2,0.0,0.0,1.5,16.0
T335,Aleksej Pokusevski,FA,F,28,14.6,5.2,3.2,1.3,0.5,0.5,0.6,40.5,73.2,0.7,2.0,32.7,1.8,4.3,1.1,1.5,0.0,0.0,0.8,13.2
T339,Bryce McGowens,NOP,G,59,14.9,5.1,1.7,0.9,0.4,0.2,0.6,43.9,77.6,0.5,1.7,33.3,1.7,3.9,1.1,1.4,0.0,0.0,1.3,9.6
T339,Drew Eubanks,SAC,C,75,15.5,5.1,4.3,0.8,0.4,0.8,0.0,60.1,77.4,0.8,0.0,100.0,2.0,3.4,1.0,1.2,0.0,0.0,1.5,14.2
T341,Jevon Carter,CHI,G,72,13.9,5.0,0.8,1.3,0.5,0.2,1.1,37.8,57.1,0.5,3.3,32.9,1.9,5.1,0.1,0.1,0.0,0.0,1.0,9.6
T341,Monte Morris,FA,G,33,14.4,5.0,1.7,2.1,0.6,0.3,0.8,40.5,68.4,0.2,2.1,38.6,1.9,4.6,0.4,0.6,0.0,0.0,0.4,12.5
T341,Devonte' Graham,FA,G,23,13.7,5.0,1.6,2.1,0.4,0.1,1.1,35.2,81.3,0.7,3.6,30.1,1.7,4.7,0.6,0.7,0.0,0.0,0.6,10.7
T341,Isaiah Livers,PHO,F,23,20.4,5.0,2.1,1.1,0.6,0.2,1.0,34.5,66.7,0.7,3.3,28.6,1.7,5.0,0.5,0.8,0.0,0.0,1.9,10.7
T341,Richaun Holmes,FA,C,40,13.9,5.0,4.6,0.6,0.3,0.5,0.0,55.8,72.3,0.6,0.1,33.3,2.1,3.7,0.9,1.2,0.1,0.0,1.9,13.0
T341,Kobi Simmons,FA,G,4,16.8,5.0,1.8,3.0,1.5,0.5,0.5,42.9,0.0,0.3,2.0,25.0,2.3,5.3,0.0,0.0,0.0,0.0,1.3,17.4
T341,D.J. Wilson,FA,C,2,8.0,5.0,1.0,1.0,0.0,1.0,1.0,66.7,0.0,0.0,1.0,100.0,2.0,3.0,0.0,0.0,0.0,0.0,0.5,10.7
T341,Goga Bitadze,ORL,C,62,15.4,5.0,4.6,1.3,0.5,1.2,0.0,60.3,65.5,0.7,0.2,14.3,2.0,3.4,0.9,1.4,0.1,0.0,1.7,16.8
T341,Jalen Wilson,BKN,F,43,15.5,5.0,3.0,1.0,0.3,0.1,0.6,42.5,82.6,0.4,1.7,32.4,1.8,4.2,0.9,1.1,0.0,0.0,1.1,10.8
T350,Garrison Mathews,NYK,G,66,15.0,4.9,1.4,0.6,0.3,0.1,1.3,45.6,81.0,0.3,2.9,44.0,1.6,3.4,0.5,0.6,0.0,0.0,1.8,8.4
T350,Jared Rhoden,TOR,F,17,14.5,4.9,1.9,0.8,0.2,0.8,0.7,50.0,62.5,0.4,1.8,38.7,1.9,3.9,0.3,0.5,0.0,0.0,1.6,10.9
T350,Jock Landale,MEM,C,56,13.6,4.9,3.1,1.2,0.4,0.6,0.2,51.5,80.0,0.6,0.7,25.0,1.9,3.7,0.9,1.2,0.0,0.0,1.3,12.6
T353,Kobe Bufkin,BKN,G,17,11.6,4.8,1.9,1.6,0.4,0.3,0.5,37.0,50.0,0.6,2.4,22.5,2.0,5.4,0.2,0.5,0.0,0.0,1.2,11.0
T353,Eugene Omoruyi,FA,F,43,9.1,4.8,2.0,0.8,0.6,0.1,0.3,48.5,65.3,0.5,1.1,28.3,1.9,3.9,0.7,1.1,0.0,0.0,1.4,10.2
T353,DeJon Jarreau,FA,G,9,16.7,4.8,4.9,2.9,0.7,0.2,0.4,34.0,45.5,1.0,1.4,30.8,1.9,5.6,0.6,1.2,0.0,0.0,1.6,16.6
356,Kenrich Williams,OKC,F,69,14.9,4.7,3.0,1.3,0.6,0.1,0.8,46.8,50.0,0.5,2.0,39.7,1.9,4.1,0.1,0.2,0.0,0.0,1.5,11.9
T357,Josh Okogie,HOU,F,60,16.0,4.6,2.6,1.1,0.8,0.4,0.5,41.7,74.5,0.6,1.6,30.9,1.4,3.4,1.3,1.7,0.0,0.0,1.1,12.3
T357,Jontay Porter,FA,C,25,14.4,4.6,3.3,2.4,0.8,0.8,0.8,38.5,83.3,0.8,2.4,33.3,1.6,4.2,0.6,0.7,0.0,0.0,1.4,16.1
T357,Anthony Black,ORL,G,69,16.8,4.6,2.0,1.3,0.5,0.3,0.5,46.6,61.3,0.8,1.4,39.4,1.7,3.6,0.7,1.2,0.0,0.0,1.6,10.6
T357,Omer Yurtseven,FA,C,48,11.4,4.6,4.3,0.6,0.2,0.4,0.1,53.8,67.9,0.8,0.5,20.8,2.1,3.8,0.4,0.6,0.0,0.0,1.1,11.6
T357,Kenneth Lofton,FA,C,21,9.4,4.6,1.8,1.6,0.3,0.2,0.3,46.2,65.4,0.7,1.1,29.2,1.7,3.7,0.8,1.2,0.0,0.0,1.1,10.0
T362,Julian Strawther,DEN,F,50,10.9,4.5,1.2,0.9,0.3,0.1,0.8,36.9,71.0,0.5,2.8,29.7,1.6,4.4,0.4,0.6,0.0,0.0,1.1,8.4
T362,Kevon Looney,NOP,C,74,16.1,4.5,5.7,1.8,0.4,0.4,0.0,59.7,67.5,0.7,0.0,0.0,1.9,3.1,0.8,1.1,0.0,0.0,2.1,15.6
T362,Shake Milton,FA,G,48,12.1,4.5,1.6,1.3,0.4,0.1,0.4,40.5,81.6,0.6,1.3,28.1,1.6,4.1,0.8,1.0,0.0,0.0,1.1,9.2
T362,Taze Moore,FA,G,4,10.0,4.5,2.0,1.3,0.5,0.0,0.3,42.1,50.0,0.8,1.8,14.3,2.0,4.8,0.3,0.5,0.0,0.0,1.0,9.5
T362,Delon Wright,IND,G,47,15.8,4.5,1.8,2.5,1.1,0.2,0.5,39.4,82.2,0.3,1.4,36.8,1.6,4.0,0.8,1.0,0.0,0.0,0.7,14.3
T362,AJ Green,MIL,G,56,10.9,4.5,1.1,0.5,0.2,0.1,1.2,42.3,89.5,0.2,3.0,40.8,1.5,3.5,0.3,0.3,0.0,0.0,0.9,7.2
T368,Robert Covington,FA,F,29,16.8,4.4,3.3,0.8,1.3,0.6,0.7,43.9,84.6,0.4,1.9,33.9,1.5,3.4,0.8,0.9,0.0,0.0,1.9,15.2
T368,Dominick Barlow,PHI,C,33,12.7,4.4,3.4,1.1,0.4,0.4,0.1,49.6,69.0,0.3,0.3,33.3,1.7,3.4,0.9,1.3,0.0,0.0,1.4,12.2
T368,Mo Bamba,UTA,C,57,12.9,4.4,4.2,0.7,0.4,1.1,0.4,49.0,68.0,0.7,1.1,39.1,1.7,3.5,0.6,0.9,0.0,0.0,1.8,14.2
T368,Blake Wesley,POR,G,61,14.4,4.4,1.5,2.7,0.5,0.1,0.2,47.4,66.7,0.9,0.9,21.8,1.7,3.5,0.9,1.3,0.0,0.0,1.5,11.3
T368,Joe Ingles,MIN,F,68,17.1,4.4,2.1,3.0,0.6,0.1,1.0,43.6,82.4,1.0,2.4,43.5,1.5,3.3,0.4,0.5,0.0,0.0,1.3,12.5
T368,Ben Sheppard,IND,G,57,14.3,4.4,1.6,0.9,0.6,0.0,0.9,39.3,88.5,0.3,2.7,31.4,1.6,4.0,0.4,0.5,0.0,0.0,1.5,9.3
T368,Maxi Kleber,LAL,C,43,20.2,4.4,3.3,1.6,0.4,0.7,0.7,43.2,70.2,0.7,2.1,34.8,1.5,3.4,0.8,1.1,0.0,0.0,1.8,13.4
T368,Patrick Baldwin,LAC,F,38,12.9,4.4,3.2,0.8,0.5,0.4,0.8,38.1,67.9,0.5,2.6,32.0,1.6,4.1,0.5,0.7,0.1,0.0,1.5,11.6
T368,MarJon Beauchamp,FA,F,48,12.6,4.4,2.1,0.6,0.3,0.1,0.6,48.8,67.9,0.6,1.6,40.0,1.7,3.5,0.4,0.6,0.0,0.0,1.1,8.5
T368,Bismack Biyombo,SAS,C,40,19.8,4.4,5.2,1.3,0.3,0.9,0.0,56.5,48.1,1.1,0.0,0.0,1.9,3.3,0.7,1.4,0.1,0.0,2.2,15.2
T368,Lester Quinones,ORL,G,37,10.6,4.4,1.9,1.0,0.2,0.1,0.9,39.7,69.0,0.5,2.4,36.4,1.5,3.8,0.5,0.8,0.0,0.0,1.2,8.4
T379,Jeff Dowtin,FA,G,12,11.8,4.3,1.7,2.3,0.6,0.1,0.8,55.6,75.0,0.4,1.6,47.4,1.7,3.0,0.3,0.3,0.0,0.0,0.1,11.3
T379,Dru Smith,MIA,G,9,14.4,4.3,1.6,1.6,1.0,0.3,0.8,45.5,100.0,0.6,1.9,41.2,1.7,3.7,0.2,0.2,0.0,0.0,1.3,12.0
T379,Jaxson Hayes,LAL,C,70,12.5,4.3,3.0,0.5,0.5,0.4,0.0,72.0,62.2,0.6,0.1,0.0,1.8,2.5,0.7,1.2,0.0,0.0,1.8,10.7
T379,Caleb Houstan,ATL,F,59,13.8,4.3,1.4,0.5,0.3,0.1,1.2,38.8,80.8,0.3,3.3,37.3,1.4,3.5,0.4,0.4,0.0,0.0,1.0,7.4
T379,John Konchar,MEM,F,55,21.4,4.3,4.7,2.0,0.9,0.9,0.7,42.3,84.0,0.8,2.2,31.7,1.6,3.8,0.4,0.5,0.0,0.0,1.4,17.6
T384,Jacob Gilyard,FA,G,41,17.0,4.2,1.1,3.3,0.8,0.1,1.2,40.0,100.0,0.7,3.1,40.5,1.5,3.7,0.0,0.0,0.0,0.0,1.0,12.6
T384,Ashton Hagans,FA,G,19,16.6,4.2,2.4,2.8,0.6,0.5,0.4,40.8,82.4,1.6,1.3,32.0,1.5,3.7,0.7,0.9,0.0,0.0,2.1,12.9
T384,Troy Brown,FA,F,59,14.0,4.2,2.4,1.0,0.4,0.1,0.8,37.2,86.5,0.5,2.4,33.3,1.4,3.8,0.5,0.6,0.0,0.0,0.7,9.5
T384,Thaddeus Young,FA,F,33,13.4,4.2,3.1,1.7,0.7,0.2,0.0,60.2,40.0,0.5,0.2,14.3,2.0,3.3,0.2,0.5,0.0,0.0,1.5,12.6
T384,Max Christie,DAL,G,67,14.1,4.2,2.1,0.9,0.3,0.3,0.6,42.7,78.3,0.5,1.8,35.6,1.5,3.6,0.5,0.7,0.0,0.0,0.9,9.3
T384,Danuel House,FA,F,34,14.9,4.2,1.7,0.8,0.4,0.1,0.4,44.8,76.1,0.6,1.5,30.0,1.4,3.1,1.0,1.4,0.0,0.0,1.3,8.7
T384,Armoni Brooks,FA,G,10,10.3,4.2,1.8,0.5,0.1,0.1,1.1,32.6,50.0,0.3,3.2,34.4,1.5,4.6,0.1,0.2,0.0,0.0,0.3,7.4
T391,Luka Samanic,FA,F,43,9.4,4.1,2.4,0.4,0.1,0.2,0.3,38.0,78.6,0.7,1.5,20.3,1.4,3.7,1.0,1.3,0.0,0.0,0.7,7.8
T391,Jae'Sean Tate,HOU,F,65,15.9,4.1,3.0,1.0,0.6,0.2,0.4,47.2,66.7,0.6,1.2,29.9,1.7,3.5,0.4,0.6,0.0,0.0,2.1,11.3
T391,Skylar Mays,FA,G,38,11.4,4.1,1.1,2.2,0.6,0.1,0.4,39.6,76.5,0.5,1.4,29.6,1.7,4.2,0.3,0.4,0.1,0.0,0.7,10.2
T391,Sandro Mamukelashvili,TOR,C,46,9.8,4.1,3.2,1.1,0.2,0.3,0.4,47.1,73.5,0.4,1.4,29.7,1.6,3.4,0.5,0.7,0.1,0.0,0.8,10.4
T395,Adama Sanogo,FA,C,9,7.3,4.0,4.0,0.0,0.1,0.0,0.0,51.9,66.7,0.6,0.0,0.0,1.6,3.0,0.9,1.3,0.1,0.0,0.6,8.6
T395,Matt Hurt,FA,C,8,14.0,4.0,2.0,0.5,0.4,0.4,0.6,35.3,100.0,0.3,2.5,25.0,1.5,4.3,0.4,0.4,0.0,0.0,1.0,9.2
T395,Justin Holiday,FA,F,58,14.9,4.0,1.2,1.2,0.6,0.2,0.9,45.4,75.0,0.2,2.3,40.4,1.5,3.3,0.1,0.1,0.0,0.0,1.2,9.3
T395,Luka Garza,BOS,C,25,4.8,4.0,1.2,0.2,0.2,0.0,0.4,48.0,72.0,0.2,1.3,28.1,1.4,3.0,0.7,1.0,0.0,0.0,1.0,6.0
T395,JaVale McGee,FA,C,46,7.4,4.0,2.7,0.4,0.3,0.4,0.0,59.8,57.8,0.7,0.2,14.3,1.7,2.9,0.6,1.0,0.0,0.0,1.0,9.3
T395,Mouhamed Gueye,ATL,F,6,12.2,4.0,3.7,0.7,0.8,0.7,0.5,34.8,83.3,0.2,1.5,33.3,1.3,3.8,0.8,1.0,0.0,0.0,2.2,13.7
T395,Svi Mykhailiuk,UTA,G,41,10.1,4.0,1.2,0.9,0.3,0.0,1.0,41.6,66.7,0.3,2.6,38.9,1.4,3.3,0.1,0.2,0.0,0.0,0.5,7.3
T395,Ousmane Dieng,OKC,F,33,11.1,4.0,1.5,1.1,0.2,0.2,0.6,42.2,87.5,0.6,2.1,30.0,1.5,3.5,0.4,0.5,0.0,0.0,0.7,8.2
T395,Rayan Rupert,POR,G,39,16.3,4.0,2.4,1.6,0.3,0.1,0.7,33.5,76.0,0.8,2.0,35.9,1.4,4.1,0.5,0.6,0.0,0.0,1.4,9.5
T395,Izaiah Brockington,FA,G,1,3.0,4.0,2.0,0.0,0.0,0.0,0.0,40.0,0.0,0.0,1.0,0.0,2.0,5.0,0.0,0.0,0.0,0.0,0.0,6.4
T395,Jaylin Williams,OKC,C,69,13.0,4.0,3.4,1.6,0.4,0.4,0.8,41.7,80.5,0.5,2.1,36.8,1.4,3.3,0.5,0.6,0.0,0.0,1.4,12.4
T395,Patty Mills,FA,G,32,13.0,4.0,1.1,1.1,0.6,0.0,0.8,35.1,100.0,0.5,2.7,27.6,1.4,4.1,0.3,0.3,0.0,0.0,1.0,8.3
T407,DeAndre Jordan,FA,C,36,11.0,3.9,4.4,0.7,0.2,0.4,0.0,62.4,49.1,0.6,0.0,0.0,1.6,2.6,0.7,1.5,0.0,0.0,1.6,11.5
T407,Chris Duarte,FA,F,59,12.2,3.9,1.8,0.7,0.5,0.1,0.7,38.1,78.8,0.4,2.2,34.6,1.4,3.6,0.4,0.6,0.0,0.0,1.4,8.6
T407,Jules Bernard,MIN,G,19,7.8,3.9,1.4,0.8,0.2,0.1,0.6,45.3,55.6,0.4,1.5,37.9,1.5,3.4,0.3,0.5,0.0,0.0,0.7,7.0
T410,Sidy Cissoko,POR,G,12,11.7,3.8,1.8,0.8,0.6,0.3,0.1,48.5,80.0,0.3,1.0,8.3,1.3,2.8,1.0,1.3,0.0,0.0,1.5,9.5
T410,Anthony Gill,WAS,F,50,9.4,3.8,1.9,0.7,0.3,0.2,0.2,46.9,80.6,0.5,0.8,24.4,1.5,3.2,0.6,0.7,0.0,0.0,1.0,8.0
T412,Oshae Brissett,FA,F,55,11.4,3.7,2.9,0.8,0.3,0.1,0.3,44.4,60.2,0.4,1.0,27.3,1.2,2.8,0.9,1.5,0.0,0.0,1.0,9.5
T412,KJ Martin,FA,F,60,12.4,3.7,2.2,0.9,0.4,0.2,0.1,53.6,53.7,0.5,0.5,28.6,1.6,3.0,0.4,0.7,0.0,0.0,1.7,8.8
T412,T.J. Warren,FA,F,11,11.3,3.7,2.0,0.8,0.4,0.1,0.2,43.9,75.0,0.4,1.2,15.4,1.6,3.7,0.3,0.4,0.0,0.0,1.0,8.4
T412,Keita Bates-Diop,FA,F,53,12.6,3.7,2.1,0.7,0.5,0.4,0.4,43.4,76.2,0.3,1.3,30.4,1.4,3.1,0.6,0.8,0.0,0.0,0.7,9.7
T412,Jamal Cain,ORL,F,26,9.9,3.7,1.4,0.4,0.4,0.2,0.4,43.0,78.3,0.3,1.2,35.5,1.3,3.0,0.7,0.9,0.0,0.0,0.8,7.4
T412,Drew Peterson,CHA,F,3,7.7,3.7,0.3,0.3,0.7,0.0,1.0,66.7,0.0,0.3,1.7,60.0,1.3,2.0,0.0,0.0,0.0,0.0,0.3,6.2
T418,Collin Gillespie,PHO,G,24,9.5,3.6,0.9,1.1,0.5,0.0,0.6,46.4,66.7,0.6,1.6,39.5,1.3,2.9,0.3,0.5,0.0,0.0,1.0,7.4
T418,James Bouknight,FA,G,14,5.8,3.6,0.6,0.4,0.1,0.1,0.9,43.9,50.0,0.1,2.1,43.3,1.3,2.9,0.1,0.1,0.0,0.0,0.2,5.3
T418,Jarace Walker,IND,F,33,10.3,3.6,1.9,1.2,0.5,0.3,0.7,40.9,88.9,0.5,1.7,40.0,1.4,3.3,0.2,0.3,0.0,0.0,0.9,9.6
T418,Gui Santos,GSW,F,23,8.4,3.6,2.1,0.6,0.2,0.1,0.4,50.9,94.1,0.3,1.2,37.0,1.2,2.4,0.7,0.7,0.0,0.0,1.0,7.5
T418,Lindy Waters,SAS,F,38,7.4,3.6,1.1,0.6,0.1,0.2,1.0,47.1,100.0,0.2,2.2,43.5,1.3,2.7,0.1,0.1,0.0,0.0,0.6,6.6
T423,Theo Maledon,FA,G,17,12.6,3.5,1.4,1.6,0.4,0.0,0.3,28.6,93.3,1.1,1.8,16.7,1.2,4.1,0.8,0.9,0.0,0.0,1.2,7.8
T423,Jordan McLaughlin,SAS,G,56,11.2,3.5,1.3,2.0,0.6,0.1,0.8,48.3,72.2,0.3,1.6,47.2,1.3,2.6,0.2,0.3,0.0,0.0,0.6,9.9
T423,Onuralp Bitim,FA,G,23,11.7,3.5,1.4,0.6,0.1,0.1,0.5,38.1,80.0,0.4,1.9,27.3,1.4,3.7,0.2,0.2,0.0,0.0,1.0,6.2
T426,Ryan Rollins,MIL,G,13,5.9,3.4,1.0,1.1,0.8,0.2,0.2,51.9,76.5,0.6,0.3,75.0,1.1,2.1,1.0,1.3,0.0,0.0,0.6,8.6
T426,Moses Brown,DEN,C,22,9.1,3.4,3.9,0.3,0.2,0.3,0.0,50.8,29.0,0.5,0.0,0.0,1.5,3.0,0.4,1.4,0.0,0.0,1.2,9.7
T426,Buddy Boeheim,FA,G,10,8.2,3.4,1.0,0.3,0.0,0.1,0.8,31.0,80.0,0.0,2.5,32.0,0.9,2.9,0.8,1.0,0.0,0.0,0.5,5.4
T426,Marques Bolden,GSW,C,11,11.2,3.4,3.1,0.4,0.3,0.6,0.0,68.0,75.0,0.3,0.1,0.0,1.5,2.3,0.3,0.4,0.0,0.0,0.9,10.1
T426,Yuta Watanabe,FA,F,34,13.7,3.4,1.6,0.4,0.4,0.2,0.7,35.3,58.8,0.6,2.5,29.4,1.2,3.4,0.3,0.5,0.0,0.0,1.1,7.1
T426,Wenyen Gabriel,FA,C,5,16.2,3.4,5.0,0.6,0.4,0.4,0.2,36.4,0.0,1.6,1.2,16.7,1.6,4.4,0.0,1.0,0.0,0.0,2.0,11.1
T426,Nassir Little,FA,F,45,10.2,3.4,1.7,0.5,0.2,0.2,0.5,46.0,85.0,0.3,1.6,30.0,1.3,2.8,0.4,0.4,0.0,0.0,0.9,7.1
T426,Jalen McDaniels,FA,F,50,10.7,3.4,1.6,0.7,0.4,0.1,0.2,34.4,73.0,0.6,1.4,16.9,1.3,3.8,0.5,0.7,0.0,0.0,1.0,7.3
T434,Dwight Powell,DAL,C,63,13.3,3.3,3.4,1.3,0.4,0.3,0.0,67.9,70.8,0.5,0.0,33.3,1.1,1.7,1.0,1.4,0.0,0.0,1.8,11.1
T434,Garrett Temple,TOR,G,27,10.7,3.3,1.7,1.0,0.4,0.1,0.4,37.2,81.8,0.5,1.5,30.0,1.1,2.9,0.7,0.8,0.0,0.0,1.0,8.0
T434,Micah Potter,SAS,F,16,11.6,3.3,2.7,0.4,0.3,0.4,0.6,47.5,75.0,0.3,1.3,42.9,1.2,2.5,0.4,0.5,0.0,0.0,0.9,8.7
T434,Jaden Springer,NOP,G,49,10.4,3.3,1.6,0.9,0.7,0.3,0.2,39.9,83.3,0.7,1.0,20.8,1.2,3.0,0.7,0.9,0.0,0.0,1.3,9.0
T434,Oscar Tshiebwe,UTA,C,8,5.3,3.3,2.0,0.3,0.3,0.1,0.0,50.0,75.0,0.0,0.0,0.0,1.3,2.5,0.8,1.0,0.0,0.0,0.4,7.2
T434,Tristan Thompson,FA,C,49,11.3,3.3,3.6,1.0,0.2,0.3,0.0,60.8,28.8,0.6,0.0,0.0,1.5,2.4,0.3,1.1,0.0,0.0,1.2,10.1
T434,Charles Bassey,ATL,C,19,10.7,3.3,4.0,1.1,0.4,0.9,0.0,72.5,83.3,0.8,0.1,0.0,1.5,2.1,0.3,0.3,0.0,0.0,1.6,12.9
T434,Terquavion Smith,FA,G,16,5.3,3.3,0.3,0.8,0.5,0.0,0.8,39.1,60.0,0.4,2.2,37.1,1.1,2.9,0.2,0.3,0.0,0.0,0.5,5.7
T442,Boban Marjanovic,FA,C,14,5.0,3.2,2.3,0.4,0.1,0.1,0.0,52.9,64.3,0.4,0.1,0.0,1.3,2.4,0.6,1.0,0.0,0.0,0.4,6.9
T442,JT Thor,FA,F,63,12.3,3.2,2.3,0.5,0.2,0.4,0.4,43.7,55.0,0.2,1.3,34.6,1.3,2.9,0.2,0.3,0.0,0.0,1.0,8.2
T442,Ish Smith,FA,G,43,17.2,3.2,1.8,3.4,0.4,0.1,0.1,41.8,75.0,1.1,0.2,50.0,1.5,3.7,0.1,0.1,0.0,0.0,1.1,10.8
T442,Brandon Williams,DAL,G,17,6.7,3.2,0.8,1.0,0.1,0.1,0.2,37.0,64.7,0.4,0.9,20.0,1.2,3.2,0.6,1.0,0.0,0.0,0.2,5.5
T442,A.J. Lawson,TOR,G,42,7.5,3.2,1.2,0.5,0.2,0.1,0.3,44.6,65.2,0.3,1.2,26.0,1.3,2.9,0.4,0.5,0.0,0.0,0.5,6.0
T442,Kira Lewis,FA,G,28,9.4,3.2,0.9,1.3,0.3,0.1,0.1,37.0,85.0,0.5,1.2,12.1,1.2,3.3,0.6,0.7,0.0,0.0,0.5,7.0
T442,Zeke Nnaji,DEN,C,58,9.9,3.2,2.2,0.6,0.3,0.7,0.1,46.3,67.7,0.5,0.4,26.1,1.2,2.6,0.7,1.1,0.0,0.0,1.4,8.9
T449,Wesley Matthews,FA,F,36,11.5,3.1,1.5,0.6,0.4,0.3,0.7,35.1,75.0,0.2,1.9,34.8,0.9,2.7,0.5,0.7,0.0,0.0,1.2,7.8
T449,Gabe Vincent,LAL,G,11,19.7,3.1,0.8,1.9,0.8,0.0,0.3,30.6,50.0,0.5,2.5,10.7,1.4,4.5,0.1,0.2,0.0,0.0,1.7,8.9
T449,Dalen Terry,CHI,F,59,11.5,3.1,1.9,1.4,0.5,0.3,0.3,43.9,58.1,0.5,1.3,23.0,1.2,2.7,0.4,0.7,0.0,0.0,1.4,9.2
T452,Saben Lee,FA,G,24,7.7,3.0,1.3,1.3,0.3,0.1,0.1,36.4,74.4,0.3,0.7,12.5,0.8,2.3,1.2,1.6,0.0,0.0,0.5,7.3
T452,Johnny Davis,FA,G,50,12.3,3.0,1.4,0.6,0.4,0.2,0.3,40.3,58.3,0.3,0.8,35.0,1.2,3.1,0.3,0.5,0.0,0.0,1.1,7.1
T452,Olivier-Maxence Prosper,MEM,F,40,8.4,3.0,2.0,0.6,0.2,0.1,0.3,38.5,68.3,0.2,1.1,28.9,1.0,2.6,0.7,1.0,0.0,0.0,0.5,6.8
T452,Mike Muscala,FA,C,53,11.3,3.0,2.4,0.7,0.2,0.2,0.5,35.9,68.0,0.4,1.8,29.2,1.1,2.9,0.3,0.5,0.0,0.0,1.0,7.6
T456,Trevelin Queen,FA,G,14,11.8,2.9,1.4,1.3,0.5,0.4,0.2,36.8,75.0,0.5,1.2,17.6,1.0,2.7,0.6,0.9,0.0,0.0,1.1,8.6
T456,Jeremiah Robinson-Earl,DAL,F,39,8.5,2.9,1.9,0.5,0.3,0.1,0.3,47.4,75.0,0.4,1.0,33.3,1.2,2.4,0.3,0.4,0.0,0.0,0.6,6.8
T456,Nate Williams,LAL,G,22,5.9,2.9,1.0,0.3,0.2,0.0,0.1,54.0,53.8,0.2,0.2,40.0,1.2,2.3,0.3,0.6,0.0,0.0,0.5,5.1
T459,D.J. Carton,NOP,G,4,8.5,2.8,1.0,0.8,0.3,0.0,0.3,37.5,80.0,0.3,1.0,25.0,0.8,2.0,1.0,1.3,0.0,0.0,0.8,5.6
T459,Orlando Robinson,ORL,C,36,8.4,2.8,2.3,0.9,0.2,0.2,0.2,50.0,76.0,0.5,0.4,53.3,1.0,2.0,0.5,0.7,0.0,0.0,1.0,7.7
T459,Henri Drell,FA,F,4,7.3,2.8,1.0,1.0,0.5,0.3,0.5,40.0,50.0,0.5,1.5,33.3,1.0,2.5,0.3,0.5,0.0,0.0,1.5,7.2
T462,Damian Jones,FA,C,39,7.0,2.7,1.6,0.4,0.2,0.3,0.1,59.7,85.7,0.3,0.4,21.4,1.1,1.8,0.5,0.5,0.0,0.0,0.7,6.4
T462,Malik Williams,FA,C,7,15.1,2.7,5.4,0.3,0.4,0.6,0.1,26.5,0.0,0.4,0.7,20.0,1.3,4.9,0.0,0.3,0.0,0.0,2.1,12.2
T462,Emoni Bates,PHI,F,15,8.9,2.7,0.9,0.7,0.1,0.1,0.7,30.6,25.0,0.5,2.2,30.3,1.0,3.3,0.1,0.3,0.0,0.0,0.3,4.9
T462,Leaky Black,WAS,F,26,10.9,2.7,1.8,0.9,0.3,0.4,0.3,48.1,66.7,0.2,0.8,45.0,1.0,2.0,0.4,0.6,0.0,0.0,0.7,8.2
T466,Otto Porter,FA,F,15,11.6,2.6,1.9,0.5,0.3,0.3,0.5,42.4,100.0,0.1,1.5,34.8,0.9,2.2,0.2,0.2,0.0,0.0,1.3,7.6
T466,Moussa Diabate,CHA,C,11,6.0,2.6,2.2,0.4,0.5,0.1,0.0,52.6,64.3,0.2,0.0,0.0,0.9,1.7,0.8,1.3,0.0,0.0,0.4,7.3
T466,Timmy Allen,FA,F,5,24.8,2.6,3.4,1.0,0.8,0.0,0.0,26.1,50.0,0.4,1.4,0.0,1.2,4.6,0.2,0.4,0.0,0.0,3.6,10.2
T469,Greg Brown,FA,F,6,6.8,2.5,1.5,0.7,0.0,0.7,0.2,45.5,44.4,0.7,0.5,33.3,0.8,1.8,0.7,1.5,0.0,0.0,0.8,6.6
T469,Alex Fudge,FA,F,6,6.7,2.5,0.8,0.0,0.5,0.0,0.2,40.0,100.0,0.3,0.8,20.0,1.0,2.5,0.3,0.3,0.0,0.0,0.3,4.7
T469,Markieff Morris,FA,C,26,8.4,2.5,1.5,0.6,0.2,0.1,0.6,33.8,83.3,0.5,1.6,35.7,0.9,2.6,0.2,0.2,0.0,0.0,0.5,5.7
T469,Dylan Windler,FA,F,17,6.4,2.5,0.9,0.6,0.1,0.0,0.8,50.0,0.0,0.1,1.6,48.1,0.9,1.8,0.0,0.0,0.0,0.0,0.4,4.8
T469,Alex Len,NYK,C,48,9.3,2.5,2.7,1.0,0.2,0.7,0.0,61.7,58.8,0.6,0.1,0.0,1.0,1.7,0.4,0.7,0.0,0.0,1.4,9.5
T469,Furkan Korkmaz,FA,G,35,8.6,2.5,0.9,0.7,0.4,0.1,0.4,39.5,70.0,0.3,1.1,35.0,0.9,2.2,0.4,0.6,0.0,0.0,0.5,5.8
T475,Harry Giles,FA,C,23,4.3,2.4,1.3,0.3,0.1,0.1,0.1,46.0,53.8,0.3,0.6,21.4,1.0,2.2,0.3,0.6,0.0,0.0,0.7,4.8
T475,Mouhamadou Gueye,CHI,F,11,10.7,2.4,2.1,0.5,0.3,1.6,0.0,28.9,44.4,1.1,0.3,0.0,1.0,3.5,0.4,0.8,0.0,0.0,1.4,10.2
T475,Xavier Moon,FA,G,14,8.5,2.4,1.3,1.5,0.2,0.2,0.1,32.6,50.0,0.4,1.2,11.8,1.1,3.3,0.1,0.1,0.0,0.0,0.6,7.1
T475,Joe Harris,FA,F,16,10.7,2.4,0.8,0.6,0.2,0.1,0.6,35.9,50.0,0.3,1.9,33.3,0.9,2.4,0.1,0.1,0.0,0.0,1.2,5.0
T475,Cory Joseph,FA,G,26,11.4,2.4,1.2,1.6,0.2,0.1,0.5,35.9,57.1,0.5,1.6,31.0,0.9,2.5,0.2,0.3,0.0,0.0,1.0,6.6
T475,AJ Griffin,FA,F,20,8.5,2.4,0.9,0.3,0.1,0.1,0.5,29.0,100.0,0.4,2.0,25.6,0.9,3.1,0.1,0.1,0.0,0.0,0.3,3.9
T481,Jamaree Bouyea,MIL,G,9,10.4,2.3,2.1,1.2,0.1,0.0,0.1,35.7,0.0,1.0,1.0,11.1,1.1,3.1,0.0,0.0,0.0,0.0,1.1,6.0
T481,Chuma Okeke,FA,F,47,9.1,2.3,1.7,0.4,0.2,0.1,0.5,35.7,57.1,0.3,1.7,28.0,0.9,2.4,0.1,0.1,0.0,0.0,0.4,5.6
T481,Olivier Sarr,TOR,C,15,6.6,2.3,2.4,0.1,0.0,0.5,0.1,57.9,66.7,0.2,0.4,33.3,0.7,1.3,0.7,1.0,0.0,0.0,1.2,6.5
T481,Isaiah Mobley,FA,F,10,7.2,2.3,1.0,0.6,0.2,0.0,0.3,41.7,0.0,0.2,1.0,30.0,1.0,2.4,0.0,0.1,0.0,0.0,0.6,4.8
T481,Cole Swider,FA,F,18,4.9,2.3,0.4,0.3,0.1,0.1,0.6,39.5,100.0,0.4,1.7,33.3,0.8,2.1,0.1,0.1,0.0,0.0,0.2,3.1
T481,Dereon Seabron,FA,G,6,9.2,2.3,1.2,0.8,0.3,0.2,0.2,30.8,83.3,0.0,0.3,50.0,0.7,2.2,0.8,1.0,0.0,0.0,0.7,6.5
T481,Amari Bailey,FA,G,10,6.3,2.3,0.9,0.7,0.3,0.0,0.1,33.3,85.7,0.4,0.8,12.5,0.8,2.4,0.6,0.7,0.0,0.0,0.2,4.9
T488,Reggie Bullock,FA,F,44,9.5,2.2,1.7,0.3,0.3,0.1,0.6,41.5,100.0,0.2,1.5,40.3,0.8,1.9,0.0,0.0,0.0,0.0,0.7,5.6
T488,Nate Hinton,FA,F,15,4.9,2.2,1.5,0.7,0.2,0.1,0.5,42.3,80.0,0.2,0.9,50.0,0.7,1.7,0.3,0.3,0.0,0.0,0.7,5.8
T488,Andre Jackson,MIL,F,57,10.1,2.2,2.0,0.9,0.3,0.1,0.3,50.0,72.7,0.5,0.8,37.0,0.9,1.8,0.1,0.2,0.0,0.0,1.6,6.6
T488,Julian Phillips,CHI,F,40,8.0,2.2,0.9,0.3,0.2,0.2,0.3,41.6,68.4,0.3,1.0,31.6,0.8,1.9,0.3,0.5,0.0,0.0,1.0,4.6
T488,Udoka Azubuike,FA,C,16,7.0,2.2,2.0,0.2,0.1,0.4,0.0,69.6,23.1,0.3,0.0,0.0,1.0,1.4,0.2,0.8,0.1,0.0,1.1,5.9
T488,Trent Forrest,FA,G,38,10.8,2.2,1.3,2.4,0.3,0.1,0.1,37.8,76.5,0.5,0.3,20.0,0.9,2.4,0.3,0.4,0.0,0.0,0.7,8.0
T494,Ish Wainright,FA,F,11,5.7,2.1,1.3,0.1,0.4,0.1,0.6,29.2,100.0,0.2,1.8,35.0,0.6,2.2,0.2,0.2,0.0,0.0,0.7,4.9
T494,Colby Jones,DET,G,30,6.3,2.1,1.3,0.7,0.2,0.2,0.1,39.4,54.5,0.3,0.7,9.1,0.9,2.4,0.2,0.4,0.0,0.0,1.0,5.6
T496,Jordan Ford,FA,G,6,3.3,2.0,0.3,0.3,0.0,0.0,0.3,57.1,100.0,0.2,0.5,66.7,0.7,1.2,0.3,0.3,0.0,0.0,0.0,2.7
T496,Markquis Nowell,FA,G,1,4.0,2.0,2.0,2.0,1.0,0.0,0.0,0.0,100.0,0.0,0.0,0.0,0.0,1.0,2.0,2.0,0.0,0.0,0.0,10.4
T496,Kobe Brown,LAC,F,44,8.9,2.0,1.4,0.6,0.3,0.1,0.3,41.1,50.0,0.2,1.1,29.2,0.8,2.0,0.0,0.0,0.0,0.0,1.1,5.6
T496,Ty Jerome,MEM,G,2,7.0,2.0,0.5,1.5,0.0,0.0,0.0,50.0,0.0,0.5,0.5,0.0,1.0,2.0,0.0,0.0,0.0,0.0,1.0,4.4
T496,Kevon Harris,HOU,G,2,3.0,2.0,1.0,0.5,0.0,0.0,0.0,66.7,0.0,0.5,0.0,0.0,1.0,1.5,0.0,0.0,0.0,0.0,1.5,3.5
T496,Jericho Sims,MIL,C,45,13.0,2.0,3.3,0.6,0.2,0.4,0.0,69.1,66.7,0.4,0.0,0.0,0.8,1.2,0.4,0.5,0.0,0.0,1.0,8.2
T496,Isaiah Wong,FA,G,1,4.0,2.0,0.0,0.0,0.0,0.0,0.0,33.3,0.0,0.0,1.0,0.0,1.0,3.0,0.0,0.0,0.0,0.0,0.0,2.0
T496,Lindell Wigginton,FA,G,3,2.3,2.0,0.0,0.0,0.0,0.0,0.0,40.0,100.0,0.3,0.7,0.0,0.7,1.7,0.7,0.7,0.0,0.0,0.3,1.7
T496,D'Moi Hodge,FA,G,7,5.7,2.0,0.0,0.7,0.1,0.1,0.4,33.3,50.0,0.1,1.7,25.0,0.7,2.1,0.1,0.3,0.0,0.0,0.6,3.8
T496,Mamadi Diakite,FA,F,6,4.2,2.0,0.7,0.3,0.2,0.2,0.0,66.7,66.7,0.2,0.2,0.0,0.7,1.0,0.7,1.0,0.0,0.0,0.3,4.1
T496,JD Davison,HOU,G,8,4.9,2.0,1.3,1.3,0.1,0.1,0.4,41.7,75.0,0.3,0.9,42.9,0.6,1.5,0.4,0.5,0.0,0.0,0.5,5.9
T507,Justin Minaya,FA,F,34,11.2,1.8,1.6,0.6,0.3,0.3,0.4,29.7,55.6,0.3,1.4,24.5,0.6,2.2,0.1,0.3,0.0,0.0,1.0,6.1
T507,Cody Zeller,FA,C,43,7.4,1.8,2.6,0.9,0.2,0.1,0.0,41.9,60.5,0.4,0.1,33.3,0.6,1.4,0.5,0.9,0.0,0.0,1.0,6.9
T507,Daishen Nix,FA,G,15,3.3,1.8,0.2,0.4,0.3,0.0,0.4,37.5,50.0,0.3,1.1,35.3,0.6,1.6,0.2,0.4,0.0,0.0,0.1,3.3
T510,Taj Gibson,FA,C,20,10.1,1.7,1.9,0.6,0.2,0.4,0.1,40.5,100.0,0.3,0.5,20.0,0.8,1.9,0.1,0.1,0.0,0.0,1.6,6.0
T510,Kessler Edwards,DEN,F,54,5.0,1.7,0.8,0.3,0.2,0.1,0.4,41.5,55.6,0.1,1.0,38.5,0.6,1.5,0.1,0.2,0.0,0.0,0.5,3.8
T510,Jason Preston,LAC,G,7,10.1,1.7,2.4,2.3,0.3,0.1,0.0,31.6,0.0,0.3,0.4,0.0,0.9,2.7,0.0,0.0,0.0,0.0,0.4,9.1
T510,Leonard Miller,MIN,F,17,3.2,1.7,1.2,0.5,0.1,0.1,0.1,65.0,50.0,0.1,0.3,40.0,0.8,1.2,0.1,0.1,0.0,0.0,0.3,4.3
T510,P.J. Tucker,FA,F,31,15.7,1.7,2.7,0.5,0.5,0.2,0.4,36.0,100.0,0.3,1.1,37.1,0.6,1.6,0.1,0.1,0.0,0.0,1.7,7.7
T510,Jordan Walsh,BOS,F,9,9.2,1.7,2.2,0.6,0.6,0.1,0.2,40.0,50.0,0.3,1.0,22.2,0.7,1.7,0.1,0.2,0.0,0.0,1.2,6.8
T516,Josh Minott,BOS,F,32,2.9,1.6,0.5,0.3,0.2,0.2,0.1,47.2,85.7,0.1,0.3,40.0,0.5,1.1,0.4,0.4,0.0,0.0,0.3,3.5
T516,Jett Howard,ORL,F,18,3.6,1.6,0.4,0.3,0.1,0.1,0.4,33.3,50.0,0.2,1.4,28.0,0.6,1.7,0.1,0.2,0.0,0.0,0.2,3.1
T516,Jordan Miller,LAC,G,8,3.5,1.6,0.6,0.0,0.0,0.0,0.1,55.6,100.0,0.1,0.3,50.0,0.6,1.1,0.3,0.3,0.0,0.0,0.3,2.3
T516,Jalen Pickett,DEN,G,27,4.5,1.6,0.5,0.8,0.1,0.0,0.3,42.9,75.0,0.3,0.9,36.0,0.6,1.3,0.1,0.1,0.0,0.0,0.5,3.5
T516,Seth Lundy,FA,G,9,5.8,1.6,0.8,0.0,0.0,0.0,0.3,23.5,75.0,0.1,1.4,23.1,0.4,1.9,0.3,0.4,0.0,0.0,0.7,2.4
T516,Jalen Hood-Schifino,FA,G,21,5.2,1.6,0.6,0.4,0.1,0.1,0.1,22.2,60.0,0.4,0.7,13.3,0.5,2.1,0.6,1.0,0.0,0.0,0.6,3.2
T522,Jack White,FA,F,4,16.0,1.5,3.0,0.3,1.0,0.3,0.5,12.5,0.0,0.5,2.5,20.0,0.5,4.0,0.0,0.0,0.0,0.0,0.8,8.7
T522,Colin Castleton,ORL,C,16,3.6,1.5,0.8,0.2,0.1,0.0,0.0,56.3,100.0,0.2,0.0,0.0,0.6,1.0,0.4,0.4,0.0,0.0,0.7,2.9
T522,Ibou Badji,CHA,C,22,10.2,1.5,2.3,0.6,0.1,0.9,0.0,63.6,50.0,0.7,0.0,0.0,0.6,1.0,0.3,0.5,0.0,0.0,2.1,7.7
T522,Adam Flagler,SAS,G,2,7.5,1.5,0.0,2.0,0.0,0.0,0.5,14.3,0.0,0.0,3.0,16.7,0.5,3.5,0.0,0.0,0.0,0.0,0.0,4.5
T522,Dariq Whitehead,BKN,F,2,12.0,1.5,2.0,1.5,0.0,0.5,0.0,20.0,50.0,0.0,1.5,0.0,0.5,2.5,0.5,1.0,0.0,0.0,0.0,7.7
T522,Terry Taylor,FA,F,31,6.1,1.5,1.2,0.3,0.2,0.1,0.1,51.3,80.0,0.2,0.3,22.2,0.6,1.3,0.1,0.2,0.0,0.0,0.5,3.9
T528,Jermaine Samuels,FA,F,14,4.2,1.4,0.9,0.2,0.1,0.1,0.0,64.3,100.0,0.0,0.1,0.0,0.6,1.0,0.1,0.1,0.0,0.0,0.4,3.5
T528,Jacob Toppin,ATL,F,9,4.1,1.4,0.8,0.3,0.0,0.1,0.1,55.6,100.0,0.1,0.4,25.0,0.6,1.0,0.2,0.2,0.0,0.0,0.3,3.1
T528,Jerome Robinson,FA,G,22,3.7,1.4,0.3,0.2,0.0,0.1,0.1,33.3,63.6,0.1,0.8,11.8,0.5,1.5,0.3,0.5,0.0,0.0,0.2,2.5
T528,Mason Jones,FA,G,5,5.6,1.4,1.0,1.0,0.2,0.0,0.4,25.0,50.0,0.4,1.4,28.6,0.4,1.6,0.2,0.4,0.0,0.0,0.6,4.3
T528,Kendall Brown,BOS,F,15,4.2,1.4,0.3,0.3,0.0,0.0,0.0,53.3,62.5,0.1,0.1,0.0,0.5,1.0,0.3,0.5,0.0,0.0,0.6,2.2
T533,Isaiah Thomas,FA,G,6,3.3,1.3,0.0,0.5,0.0,0.0,0.3,30.0,0.0,0.0,0.7,50.0,0.5,1.7,0.0,0.0,0.0,0.0,0.0,2.1
T533,Nathan Mensah,FA,C,25,12.3,1.3,2.6,0.4,0.2,0.6,0.0,42.9,75.0,0.6,0.0,0.0,0.5,1.1,0.4,0.5,0.0,0.0,2.6,6.8
T533,R.J. Hampton,FA,G,8,9.5,1.3,0.8,1.0,0.0,0.0,0.1,28.6,50.0,0.4,1.0,12.5,0.5,1.8,0.1,0.3,0.0,0.0,1.0,3.3
T533,TyTy Washington,FA,G,11,4.9,1.3,0.5,0.5,0.3,0.0,0.2,30.0,0.0,0.2,0.5,33.3,0.5,1.8,0.0,0.0,0.0,0.0,0.1,3.1
T537,Keyontae Johnson,FA,F,9,7.4,1.2,1.1,0.4,0.1,0.0,0.1,31.3,0.0,0.4,0.3,33.3,0.6,1.8,0.0,0.0,0.0,0.0,0.6,3.1
T537,Jay Huff,IND,C,19,2.6,1.2,0.6,0.1,0.1,0.2,0.2,60.0,100.0,0.1,0.5,33.3,0.5,0.8,0.1,0.1,0.0,0.0,0.5,2.8
T537,Chris Livingston,MIL,F,21,4.3,1.2,1.0,0.2,0.1,0.0,0.0,50.0,75.0,0.2,0.2,20.0,0.5,1.0,0.1,0.2,0.0,0.0,0.7,2.8
T540,Robin Lopez,FA,C,16,3.9,1.1,0.3,0.3,0.1,0.2,0.1,36.8,100.0,0.1,0.5,25.0,0.4,1.2,0.1,0.1,0.0,0.0,0.4,2.5
T540,Braxton Key,MEM,F,20,3.0,1.1,0.9,0.5,0.1,0.1,0.1,41.2,75.0,0.1,0.3,40.0,0.4,0.9,0.3,0.4,0.0,0.0,0.3,3.3
T540,Admiral Schofield,FA,F,23,3.6,1.1,0.7,0.3,0.0,0.0,0.3,38.5,0.0,0.2,0.7,37.5,0.4,1.1,0.0,0.1,0.0,0.0,0.4,2.4
T540,Hunter Tyson,DEN,F,18,2.6,1.1,0.5,0.1,0.1,0.0,0.2,40.0,0.0,0.1,0.8,28.6,0.4,1.1,0.0,0.0,0.0,0.0,0.6,1.9
T544,Joshua Primo,FA,G,2,5.0,1.0,0.5,0.0,0.0,0.5,0.0,33.3,0.0,2.0,0.5,0.0,0.5,1.5,0.0,0.0,0.0,0.0,0.0,1.1
T544,Hamidou Diallo,FA,F,2,2.5,1.0,1.0,0.5,1.0,0.0,0.0,50.0,0.0,0.5,0.0,0.0,0.5,1.0,0.0,0.0,0.0,0.0,0.5,5.5
T544,Filip Petrusev,FA,F,3,3.0,1.0,0.3,0.0,0.0,0.0,0.0,50.0,50.0,0.0,0.0,0.0,0.3,0.7,0.3,0.7,0.0,0.0,0.3,1.4
T544,Frank Ntilikina,FA,G,5,8.6,1.0,1.2,0.8,0.0,0.0,0.2,11.1,100.0,0.2,1.6,12.5,0.2,1.8,0.4,0.4,0.0,0.0,0.8,3.4
T548,Thanasis Antetokounmpo,MIL,F,34,4.6,0.9,0.4,0.5,0.2,0.1,0.0,53.3,0.0,0.4,0.0,0.0,0.5,0.9,0.0,0.1,0.0,0.0,0.7,2.7
T548,James Johnson,FA,F,9,5.1,0.9,0.4,0.9,0.6,0.1,0.0,30.0,100.0,0.6,0.2,0.0,0.3,1.1,0.2,0.2,0.0,0.0,1.0,4.2
T550,Charlie Brown,MEM,G,8,4.6,0.8,0.3,0.0,0.0,0.3,0.3,20.0,0.0,0.3,0.9,28.6,0.3,1.3,0.0,0.0,0.0,0.0,0.6,1.6
T550,DaQuan Jeffries,FA,F,17,2.5,0.8,0.3,0.3,0.0,0.1,0.1,35.3,0.0,0.2,0.6,20.0,0.4,1.0,0.0,0.1,0.0,0.0,0.1,1.6
T552,Alondes Williams,FA,G,7,2.3,0.7,0.1,0.0,0.0,0.1,0.0,25.0,100.0,0.3,0.6,0.0,0.3,1.1,0.1,0.1,0.0,0.0,0.3,1.0
T552,Shaquille Harrison,FA,G,3,2.0,0.7,0.7,0.0,0.0,0.3,0.0,50.0,0.0,0.0,0.0,0.0,0.3,0.7,0.0,0.0,0.0,0.0,0.0,2.5
T552,Jalen Slawson,IND,F,12,3.1,0.7,0.6,0.2,0.1,0.1,0.0,66.7,0.0,0.2,0.2,0.0,0.3,0.5,0.0,0.0,0.0,0.0,0.7,2.0
T552,Pat Spencer,GSW,G,6,4.5,0.7,0.7,0.8,0.0,0.0,0.0,50.0,0.0,0.2,0.3,0.0,0.3,0.7,0.0,0.0,0.0,0.0,0.2,2.6
T552,Quenton Jackson,IND,G,3,3.7,0.7,1.3,0.7,0.3,0.0,0.0,0.0,100.0,0.0,0.0,0.0,0.0,0.3,0.7,0.7,0.0,0.0,0.3,4.3
T552,Wendell Moore,FA,F,25,3.1,0.7,0.5,0.2,0.2,0.0,0.0,50.0,0.0,0.2,0.2,0.0,0.4,0.7,0.0,0.0,0.0,0.0,0.2,2.2
558,Juan Toscano-Anderson,FA,F,11,4.7,0.6,1.3,0.4,0.1,0.1,0.1,25.0,0.0,0.2,0.4,25.0,0.3,1.1,0.0,0.0,0.0,0.0,1.0,3.1
T559,Usman Garuba,FA,C,6,3.0,0.5,1.2,0.2,0.2,0.5,0.0,16.7,50.0,0.3,0.2,0.0,0.2,1.0,0.2,0.3,0.0,0.0,0.3,3.8
T559,E.J. Liddell,BKN,F,8,2.9,0.5,0.6,0.1,0.3,0.3,0.0,16.7,100.0,0.3,0.6,0.0,0.1,0.8,0.3,0.3,0.0,0.0,0.3,2.7
561,Pete Nance,MIL,C,8,3.4,0.4,0.4,0.0,0.1,0.0,0.1,16.7,0.0,0.1,0.1,100.0,0.1,0.8,0.0,0.3,0.0,0.0,0.3,1.1
562,Maxwell Lewis,FA,F,34,3.0,0.3,0.1,0.2,0.1,0.0,0.0,19.0,66.7,0.3,0.3,11.1,0.1,0.6,0.1,0.1,0.0,0.0,0.1,0.7
T563,Ryan Arcidiacono,FA,G,20,2.2,0.0,0.4,0.2,0.1,0.0,0.0,0.0,0.0,0.1,0.3,0.0,0.0,0.3,0.0,0.0,0.0,0.0,0.3,1.0
T563,Danny Green,FA,G,2,9.5,0.0,1.0,0.5,0.5,0.0,0.0,0.0,0.0,0.0,0.5,0.0,0.0,1.0,0.0,0.0,0.0,0.0,0.5,3.5
T563,Kaiser Gates,FA,F,1,7.0,0.0,1.0,0.0,0.0,0.0,0.0,0.0,0.0,0.0,2.0,0.0,0.0,4.0,0.0,0.0,0.0,0.0,0.0,1.2
T563,Justin Jackson,FA,F,2,0.0,0.0,0.0,0.0,0.0,0.0,0.0,0.0,0.0,0.0,0.0,0.0,0.0,0.0,0.0,0.0,0.0,0.0,0.0,0.0
T563,Javonte Smart,FA,G,1,1.0,0.0,0.0,0.0,0.0,0.0,0.0,0.0,0.0,0.0,0.0,0.0,0.0,0.0,0.0,0.0,0.0,0.0,0.0,0.0
T563,Ron Harper,BOS,F,1,4.0,0.0,0.0,1.0,0.0,0.0,0.0,0.0,0.0,0.0,0.0,0.0,0.0,0.0,0.0,0.0,0.0,0.0,2.0,1.5
T563,Jalen Crutcher,ORL,G,1,3.0,0.0,0.0,0.0,0.0,0.0,0.0,0.0,0.0,0.0,0.0,0.0,0.0,1.0,0.0,0.0,0.0,0.0,0.0,0.0
T563,Dmytro Skapintsev,FA,C,2,1.0,0.0,0.0,0.0,0.0,0.0,0.0,0.0,0.0,0.0,0.0,0.0,0.0,0.5,0.0,0.0,0.0,0.0,0.0,0.0
T563,Malcolm Cazalon,FA,G,1,3.0,0.0,0.0,0.0,0.0,0.0,0.0,0.0,0.0,0.0,0.0,0.0,0.0,0.0,0.0,0.0,0.0,0.0,0.0,0.0
T563,Andrew Funk,FA,G,5,2.4,0.0,0.0,0.0,0.2,0.2,0.0,0.0,0.0,0.0,0.6,0.0,0.0,0.8,0.0,0.0,0.0,0.0,0.0,1.2