,,,,,,,,,,,,,,,
Rank,Name,Team,Pos,G,MIN,PTS,REB,AST,STL,BLK,3PM,FG%,FT%,Status,Injury
1,Victor Wembanyama,SAN,C,70,34.0,26.8,11.2,4.1,1.3,3.9,3.4,49.2,84.3,,
2,Shai Gilgeous-Alexander,OKC,G,73,33.8,32.3,5.2,6.8,1.7,1.0,2.2,52.0,88.3,,Rest
3,Nikola Jokic,DEN,C,74,34.0,26.7,11.8,9.4,1.5,0.7,1.7,57.9,81.3,,
4,Luka Doncic,LAL,G,68,34.5,29.0,7.9,7.8,1.6,0.3,3.5,46.9,77.0,,Rest
5,Anthony Edwards,MIN,G,79,35.5,28.0,5.5,5.0,1.3,0.6,4.1,44.8,82.9,,Rest
6,Cade Cunningham,DET,G,69,34.5,26.8,6.2,8.9,1.1,0.7,2.2,48.2,85.1,,
7,Trae Young,ATL,G,72,36.0,24.7,3.2,10.4,1.2,0.1,3.0,42.1,87.4,,
8,James Harden,LAC,G,69,34.4,21.8,5.3,8.3,1.1,0.5,2.9,42.1,87.1,,
9,Giannis Antetokounmpo,MIL,F,68,34.5,31.8,11.5,6.9,1.0,1.0,0.5,57.0,63.9,,Illness
10,Devin Booker,PHO,G,68,36.5,28.5,4.4,7.3,1.0,0.4,2.6,47.0,87.0,,
11,Tyrese Maxey,PHI,G,69,35.8,25.8,3.5,6.4,1.4,0.4,3.3,44.5,86.0,,
12,LeBron James,LAL,F,66,34.0,23.9,6.8,7.5,1.0,0.5,2.2,51.4,76.5,,Pinched Nerve
13,Josh Giddey,CHI,G,70,33.9,17.2,8.1,8.8,1.1,0.7,1.5,46.4,78.2,,
14,Stephen Curry,GS,G,67,32.0,23.9,4.3,5.8,0.9,0.3,4.4,44.8,91.8,,
15,Anthony Davis,DAL,C,65,33.5,24.1,11.1,4.4,1.1,2.2,0.9,50.0,79.1,,
16,Scottie Barnes,TOR,F,71,34.5,19.4,7.9,5.5,1.4,1.2,1.5,45.6,77.0,,
17,LaMelo Ball,CHR,G,60,33.0,24.5,5.1,7.5,1.3,0.3,3.8,41.0,84.5,,
18,Jalen Williams,OKC,F,70,33.0,22.4,5.3,5.6,1.7,0.6,1.9,49.9,81.0,,Wrist
19,Derrick White,BOS,G,74,33.0,18.6,4.6,5.4,0.9,1.0,3.2,42.5,84.0,,
20,Donovan Mitchell,CLE,G,68,32.0,24.7,4.5,5.1,1.4,0.4,3.4,45.6,85.1,,
21,Kevin Durant,HOU,F,65,35.0,24.8,5.6,4.6,0.8,1.0,2.2,52.0,85.2,,
22,Brandon Miller,CHR,F,70,34.5,23.0,5.0,3.8,1.3,0.7,3.9,42.5,84.7,,
23,Amen Thompson,HOU,G,70,35.0,17.7,8.8,4.9,1.8,1.4,0.6,54.4,69.8,,
24,Evan Mobley,CLE,F,70,30.5,19.5,9.5,3.4,1.0,1.5,1.4,56.4,74.1,,
25,Jalen Johnson,ATL,F,69,35.0,20.1,9.1,5.2,1.4,0.9,1.4,50.0,74.4,,
26,Ja Morant,MEM,G,62,33.0,24.6,4.6,8.3,1.0,0.4,1.8,45.7,82.2,,Ankle
27,Jalen Brunson,NY,G,70,34.5,25.4,2.8,6.9,0.9,0.1,2.4,47.5,83.0,,
28,Jaylen Brown,BOS,F,68,34.0,25.7,7.1,5.1,1.3,0.3,2.3,47.3,74.9,,Knee
29,Karl-Anthony Towns,NY,C,70,34.0,23.4,12.8,3.4,1.0,0.8,2.1,52.2,88.2,,
30,Trey Murphy,NOR,F,65,34.5,21.6,4.8,3.8,1.1,0.8,3.1,47.1,86.9,,Foot
31,De'Aaron Fox,SAN,G,67,34.0,21.3,4.1,6.8,1.5,0.4,1.9,47.0,78.1,,Hamstring
32,Paolo Banchero,ORL,F,69,34.0,25.4,7.1,4.8,0.9,0.7,1.9,47.4,75.0,,
33,Chet Holmgren,OKC,C,68,30.0,18.0,8.7,2.4,0.8,2.5,1.6,52.7,78.2,,Rest
34,Austin Reaves,LAL,G,70,34.5,20.2,4.1,5.5,1.0,0.3,2.8,47.8,87.0,,Undisclosed
35,Deni Avdija,POR,F,74,32.0,18.8,7.5,4.5,1.2,0.6,2.0,47.6,76.1,,
36,Dyson Daniels,ATL,G,70,33.0,14.6,5.9,4.5,2.8,0.8,1.2,49.6,63.3,,
37,Pascal Siakam,IND,F,72,33.2,23.0,7.6,5.2,0.8,0.5,1.6,48.8,74.1,,
38,Coby White,CHI,G,74,34.0,21.4,4.1,4.8,0.9,0.2,3.2,44.0,86.9,,Calf
39,Domantas Sabonis,SAC,C,75,34.5,19.7,13.5,6.2,0.9,0.4,0.9,58.0,74.0,,
40,Zion Williamson,NOR,F,59,30.0,26.4,7.4,5.4,1.2,0.9,0.1,57.6,70.0,,
41,Desmond Bane,ORL,G,69,32.4,20.1,4.8,4.4,1.1,0.4,2.9,46.4,87.6,,
42,Alex Sarr,WAS,C,70,30.9,16.3,7.7,2.9,0.7,1.7,2.0,42.4,70.2,,Calf
43,Matas Buzelis,CHI,F,75,30.0,15.1,5.9,2.4,0.7,1.6,1.9,46.3,80.9,,
44,Payton Pritchard,BOS,G,76,31.0,17.0,4.3,4.6,1.1,0.2,3.4,45.2,83.0,,
45,Darius Garland,CLE,G,65,30.0,19.6,2.7,6.6,1.1,0.1,2.7,45.8,87.0,,Toe
46,Cooper Flagg,DAL,F,74,32.4,16.9,6.2,4.0,1.1,0.8,1.6,45.0,83.0,,
47,Alperen Sengun,HOU,C,75,32.5,20.6,10.7,5.3,1.2,1.0,0.4,52.4,71.9,,
48,Jamal Murray,DEN,G,66,33.0,19.4,3.8,5.8,1.2,0.3,2.2,47.1,86.9,,
49,Jaren Jackson,MEM,F,62,29.5,21.7,5.3,2.1,1.1,1.5,1.9,47.4,80.2,,Toe
50,Kawhi Leonard,LAC,F,55,31.4,23.6,6.6,3.8,1.6,0.4,2.3,51.0,85.8,,
51,Paul George,PHI,F,59,33.1,19.3,5.0,4.0,1.7,0.4,2.7,45.4,88.7,,Knee
52,Joel Embiid,PHI,C,50,30.0,27.0,9.2,4.4,1.0,1.2,1.4,48.6,86.9,,Knee
53,Jalen Green,PHO,G,78,34.0,22.1,4.9,3.8,0.8,0.3,3.0,42.5,80.9,,Hamstring
54,Bam Adebayo,MIA,C,74,34.0,19.7,9.4,4.8,1.1,0.9,1.2,48.4,76.4,,
55,Jordan Poole,NOR,G,72,30.0,18.5,3.0,4.2,1.2,0.3,2.9,42.5,88.7,,
56,Tyler Herro,MIA,G,52,34.0,22.8,5.1,5.4,0.8,0.1,3.2,45.6,88.2,,Ankle
57,Franz Wagner,ORL,F,70,32.5,21.0,4.9,3.9,1.3,0.4,1.4,48.3,85.6,,Rest
58,Miles Bridges,CHR,F,68,33.5,19.3,7.0,3.4,0.9,0.7,2.0,46.2,82.9,,
59,OG Anunoby,NY,F,67,34.9,17.4,4.7,2.1,1.6,0.9,2.3,48.3,79.9,,
60,Reed Sheppard,HOU,G,71,27.0,13.1,3.3,3.9,1.5,0.8,2.7,42.1,82.3,,Rest
61,Zach LaVine,SAC,F,69,34.0,21.4,3.7,3.9,0.7,0.3,2.8,48.0,84.5,,
62,Brandon Ingram,TOR,F,63,33.0,19.5,5.0,4.6,0.8,0.7,1.7,47.5,84.3,,
63,Cam Thomas,BRO,G,65,31.0,22.9,3.7,4.3,0.7,0.2,2.7,42.7,86.1,,
64,Kevin Porter,MIL,G,68,31.5,15.1,4.7,6.0,1.3,0.4,1.9,43.2,74.9,,
65,Andrew Nembhard,IND,G,68,32.9,14.7,3.8,6.8,1.4,0.2,1.3,46.3,81.1,,
66,Santi Aldama,MEM,F,70,29.0,15.1,7.3,3.8,0.9,0.6,2.2,48.0,69.4,,
67,Shaedon Sharpe,POR,G,70,34.4,22.0,5.0,3.4,1.0,0.3,2.5,45.4,77.9,,
68,Lauri Markkanen,UTA,F,65,31.9,20.6,6.4,1.8,0.8,0.5,3.0,44.9,87.0,,Wrist
69,Devin Vassell,SAN,F,68,32.5,17.9,3.9,2.9,1.4,0.5,2.8,45.3,81.3,,Ankle
70,Myles Turner,MIL,C,68,30.0,16.6,6.6,1.5,0.7,2.1,2.3,49.0,77.2,,
71,Jimmy Butler,GS,F,61,31.0,16.9,5.3,5.4,1.4,0.3,0.7,49.8,84.1,,
72,Brandin Podziemski,GS,G,70,30.0,14.4,6.0,4.2,1.4,0.3,2.3,45.2,77.0,,
73,Walker Kessler,UTA,C,68,30.0,11.2,12.0,1.8,0.7,2.7,0.0,69.4,54.2,,Shoulder
74,Mikal Bridges,NY,F,82,35.0,16.7,3.1,3.5,1.0,0.5,2.0,49.4,80.9,,
75,Michael Porter,BRO,F,67,32.0,18.1,7.0,2.7,0.6,0.6,2.6,46.8,79.8,,
76,Keegan Murray,SAC,F,78,34.0,14.3,6.6,1.7,0.9,0.8,2.4,45.9,82.9,,
77,Julius Randle,MIN,F,70,32.5,18.5,7.2,4.6,0.7,0.3,1.6,46.5,78.0,,Rest
78,Ausar Thompson,DET,F,68,29.0,13.8,6.7,3.0,2.0,0.9,0.5,52.8,65.8,,
79,CJ McCollum,WAS,G,68,30.0,18.2,3.6,4.2,0.8,0.4,3.1,44.6,76.9,,
80,Anfernee Simons,BOS,G,68,32.5,19.4,2.9,4.7,0.6,0.1,3.2,42.8,89.3,,
81,T.J. McConnell,IND,G,72,24.9,13.3,3.4,7.0,1.4,0.3,0.4,52.4,78.6,,
82,Immanuel Quickley,TOR,G,70,33.5,15.8,3.5,5.4,0.8,0.1,2.3,44.1,86.0,,
83,Tari Eason,HOU,F,65,27.0,13.3,6.8,1.6,1.9,1.1,1.3,48.0,74.3,,
84,Jalen Suggs,ORL,G,64,29.0,14.0,3.8,3.5,1.4,0.8,2.0,43.2,83.2,,Knee
85,Jaden Ivey,DET,G,68,30.0,17.9,4.2,4.2,1.0,0.5,2.2,44.5,74.8,,
86,D'Angelo Russell,DAL,G,71,28.0,14.5,2.7,5.7,0.8,0.3,2.4,42.2,83.0,,
87,RJ Barrett,TOR,F,69,33.0,20.2,5.5,4.6,0.7,0.3,1.8,47.5,69.9,,
88,Cason Wallace,OKC,G,75,29.0,10.4,3.8,2.9,2.0,0.7,1.5,48.4,83.1,,Rest
89,Josh Hart,NY,F,73,33.5,11.4,8.4,4.7,1.2,0.2,1.0,49.4,78.4,,
90,Scoot Henderson,POR,G,59,29.0,14.6,3.2,5.5,1.3,0.4,1.9,42.8,78.8,,Hamstring
91,Stephon Castle,SAN,G,76,29.0,13.3,4.6,4.6,1.1,0.6,1.5,42.4,78.7,,Undisclosed
92,DeMar DeRozan,SAC,F,73,34.0,20.3,3.7,4.1,0.8,0.3,1.0,47.5,86.3,,
93,Keyonte George,UTA,G,70,28.0,16.1,3.4,5.0,0.7,0.1,2.5,40.9,83.2,,
94,Ivica Zubac,LAC,C,77,31.5,15.0,12.5,2.6,0.6,1.4,0.0,62.5,72.0,,
95,Andrew Wiggins,MIA,F,71,30.0,16.8,4.2,2.4,1.0,0.7,2.2,45.5,74.2,,
96,Bilal Coulibaly,WAS,F,65,33.0,13.4,5.3,3.6,1.3,0.9,1.3,43.3,71.7,,Thumb
97,Bobby Portis,MIL,F,70,27.5,16.4,8.5,2.3,0.8,0.5,1.7,47.8,79.3,,
98,Donte DiVincenzo,MIN,G,69,27.0,12.3,3.8,3.8,1.2,0.3,2.9,42.5,78.0,,
99,Kyle Kuzma,MIL,F,68,33.0,17.8,6.3,3.3,0.6,0.6,2.0,44.0,73.2,,
100,Sam Hauser,BOS,F,75,29.0,13.1,4.6,2.0,0.8,0.4,3.4,45.5,85.4,,
101,Cameron Johnson,DEN,F,63,30.0,16.3,4.2,2.4,1.0,0.3,2.8,48.3,86.1,,
102,John Collins,LAC,F,66,29.0,15.2,7.5,1.5,0.7,1.0,1.3,52.9,81.2,,
103,Kristaps Porzingis,ATL,C,59,28.0,18.2,6.4,1.8,0.7,1.5,2.2,48.0,83.1,,
104,Zaccharie Risacher,ATL,F,75,29.0,16.3,4.6,1.7,0.9,0.6,2.2,47.9,73.0,,
105,Christian Braun,DEN,G,77,33.0,15.3,5.1,2.6,1.0,0.5,1.3,54.5,80.1,,
106,Isaiah Collier,UTA,G,74,28.5,10.6,3.7,7.1,1.1,0.2,0.8,44.5,68.4,,Hamstring
107,Aaron Nesmith,IND,F,69,30.0,14.5,4.8,1.7,1.0,0.6,2.2,47.3,85.2,,
108,Malik Monk,SAC,G,70,26.0,13.6,2.7,5.1,0.7,0.4,1.9,44.2,83.1,,Calf
109,Rudy Gobert,MIN,C,74,33.2,12.4,10.9,1.8,0.7,1.9,0.0,66.3,66.9,,
110,Moses Moody,GS,F,71,30.0,14.3,4.2,1.9,1.2,0.5,2.4,44.7,77.9,,
111,Toumani Camara,POR,F,75,29.0,11.2,5.5,2.0,1.5,0.6,1.7,47.0,74.0,,
112,Keon Ellis,SAC,G,72,25.9,9.6,2.8,2.0,1.6,0.9,2.0,47.4,82.4,,
113,Quentin Grimes,PHI,G,65,29.0,15.4,4.1,3.2,0.9,0.4,2.3,46.6,76.7,,Personal
114,Herbert Jones,NOR,F,70,30.0,11.5,3.8,2.6,1.6,0.7,1.4,46.3,81.9,,Ankle
115,Nikola Vucevic,CHI,C,71,32.1,17.3,9.8,3.1,0.8,0.7,1.3,49.2,82.5,,
116,Naz Reid,MIN,C,75,27.5,14.8,6.1,2.5,0.8,1.1,2.2,46.9,75.0,,
117,Donovan Clingan,POR,C,70,27.7,9.7,10.0,1.9,0.7,2.2,0.3,56.1,60.2,,
118,Aaron Gordon,DEN,F,68,30.4,14.7,5.5,3.3,0.7,0.5,1.4,52.3,77.0,,
119,Scotty Pippen,MEM,G,69,21.9,10.7,3.3,4.4,1.4,0.4,1.2,48.7,72.9,,
120,Jalen Duren,DET,C,72,29.0,12.8,11.6,2.9,0.7,1.3,0.0,64.9,69.0,,
121,Bennedict Mathurin,IND,F,73,30.0,17.8,5.4,2.3,0.8,0.3,1.5,45.1,82.9,,
122,Kyshawn George,WAS,F,70,27.0,9.8,4.3,2.7,1.1,0.8,1.9,39.0,79.6,,
123,Bradley Beal,LAC,G,55,29.0,15.3,3.5,4.3,0.8,0.3,1.7,48.5,85.0,,Knee
124,Bub Carrington,WAS,G,79,30.0,12.0,5.1,4.5,0.8,0.2,1.8,42.3,82.7,,
125,Jabari Smith,HOU,F,72,31.0,13.2,7.1,1.2,0.6,0.8,1.9,44.3,83.5,,
126,Collin Sexton,CHR,G,69,25.9,16.6,2.6,4.0,0.7,0.2,1.5,47.9,86.0,,
127,Jrue Holiday,POR,G,65,30.0,10.8,4.0,4.2,1.0,0.4,1.7,45.5,83.8,,
128,Jaden McDaniels,MIN,F,74,32.0,12.5,6.1,1.4,1.1,0.9,1.3,48.9,73.8,,
129,Kel'el Ware,MIA,C,70,27.5,13.6,9.6,1.4,0.8,1.5,0.8,55.9,71.1,,
130,Jaylen Wells,MEM,F,75,31.0,14.4,5.3,2.5,0.8,0.2,2.3,44.7,82.9,,
131,Deandre Ayton,LAL,C,69,32.0,16.1,10.6,1.7,0.8,1.2,0.1,63.6,75.5,,
132,Lonzo Ball,CLE,G,55,23.0,8.7,4.3,4.6,1.3,0.5,1.9,38.5,78.6,,
133,Onyeka Okongwu,ATL,C,69,29.9,14.2,8.4,2.1,0.9,1.2,0.8,58.0,77.9,,
134,Mark Williams,PHO,C,60,28.0,14.8,10.4,2.2,0.8,1.4,0.0,62.0,80.7,,Rest
135,Draymond Green,GS,C,67,29.0,9.0,5.8,5.4,1.2,0.9,1.2,44.9,71.1,,
136,Cam Whitmore,WAS,F,68,23.3,16.0,4.7,1.8,0.9,0.5,2.3,44.9,72.8,,
137,Jarace Walker,IND,F,70,24.5,10.1,4.9,2.5,1.1,0.7,1.7,46.1,71.7,,
138,Nic Claxton,BRO,C,71,29.0,12.9,8.1,2.3,0.9,1.7,0.1,61.3,54.1,,
139,Jakob Poeltl,TOR,C,68,29.0,12.9,9.3,2.6,0.9,1.4,0.0,63.3,63.9,,
140,Chris Paul,LAC,G,68,25.0,7.4,3.3,6.0,1.0,0.2,1.5,42.0,86.7,,
141,Zach Edey,MEM,C,60,27.0,12.8,10.5,1.5,0.7,1.8,0.5,57.4,73.0,,Ankle
142,Ayo Dosunmu,CHI,G,70,27.4,12.4,3.0,3.9,0.8,0.4,1.4,49.6,80.9,,
143,Tobias Harris,DET,F,72,30.1,12.8,5.5,1.9,0.9,0.7,1.2,48.2,87.2,,
144,Anthony Black,ORL,G,75,24.0,11.2,2.9,3.4,1.2,0.7,1.0,45.5,75.9,,
145,Dereck Lively,DAL,C,65,26.0,10.6,8.6,2.6,0.7,1.8,0.0,71.9,60.9,,
146,Kon Knueppel,CHR,F,74,27.0,12.9,4.3,3.0,0.8,0.2,2.0,45.2,89.6,,
147,Isaiah Hartenstein,OKC,C,68,26.0,10.9,9.9,3.6,0.9,1.1,0.0,62.6,69.1,,Rest
148,Jarrett Allen,CLE,C,77,28.0,14.3,9.9,2.1,0.8,0.9,0.1,70.0,74.4,,
149,Norman Powell,MIA,G,65,29.8,17.6,3.0,1.9,0.8,0.3,2.3,47.5,81.0,,
150,Nikola Jovic,MIA,F,60,26.0,11.9,4.4,3.4,0.8,0.4,1.9,46.0,80.0,,
151,Egor Demin,BRO,G,70,27.0,11.0,4.6,4.1,0.9,0.3,1.9,39.3,72.4,,Foot
152,Jaime Jaquez,MIA,F,70,25.0,11.7,5.3,3.4,1.1,0.4,0.8,48.1,78.8,,
153,Jerami Grant,POR,F,59,30.0,13.7,3.3,2.1,0.7,0.7,2.2,41.5,82.3,,
154,Jeremy Sochan,SAN,F,69,27.1,12.6,6.5,2.7,0.9,0.5,0.7,52.4,73.8,,Undisclosed
155,Noah Clowney,BRO,F,65,25.6,12.1,5.1,1.3,0.6,0.8,2.2,42.5,81.6,,
156,P.J. Washington,DAL,F,69,25.9,12.0,4.9,1.8,0.9,0.8,1.7,44.9,70.6,,
157,Royce O'Neale,PHO,F,77,27.0,8.5,4.9,2.7,0.8,0.5,2.1,40.6,72.9,,
158,Jay Huff,IND,C,65,22.0,12.4,4.2,1.1,0.6,1.6,2.2,50.7,81.7,,
159,Luguentz Dort,OKC,F,71,28.5,10.1,4.1,1.7,1.1,0.5,2.3,43.1,77.0,,Rest
160,Gradey Dick,TOR,F,65,28.0,14.6,3.4,2.0,1.1,0.2,2.3,42.1,86.0,,
161,Ace Bailey,UTA,F,72,30.0,13.8,5.7,1.8,0.7,0.7,1.8,42.5,71.7,,
162,Taylor Hendricks,UTA,F,65,23.5,9.2,5.2,1.1,0.9,1.1,1.6,44.7,81.0,,
163,Dylan Harper,SAN,G,72,29.4,14.4,3.5,2.9,1.0,0.3,1.7,43.4,76.9,,Thumb
164,Alex Caruso,OKC,G,67,20.0,6.6,3.0,3.0,1.6,0.6,1.4,43.4,78.0,,Rest
165,Kyrie Irving,DAL,G,28,29.1,17.6,3.5,3.8,0.9,0.3,2.0,45.6,90.1,,Knee
166,Klay Thompson,DAL,F,70,27.0,13.4,3.0,1.9,0.6,0.3,2.9,41.3,90.9,,
167,Nickeil Alexander-Walker,ATL,G,76,26.2,9.6,3.1,2.8,0.9,0.5,1.8,43.3,78.2,,
168,Dillon Brooks,PHO,F,71,30.0,15.0,3.5,2.1,0.9,0.3,2.0,41.8,81.8,,
169,Aaron Wiggins,OKC,F,75,24.0,12.7,3.8,2.0,0.8,0.2,1.9,49.2,79.6,,
170,De'Andre Hunter,CLE,F,65,26.9,14.8,3.8,1.4,0.8,0.3,2.2,44.9,84.3,,
171,Khris Middleton,WAS,F,60,24.0,12.5,3.4,3.6,0.8,0.2,1.5,47.9,85.4,,
172,Tre Johnson,WAS,G,75,28.6,15.8,2.6,2.3,0.7,0.2,2.1,40.7,86.8,,
173,Jordan Clarkson,NY,G,69,23.8,14.1,2.9,3.3,0.7,0.2,1.8,42.2,83.0,,
174,Dejounte Murray,NOR,G,21,27.7,15.1,4.3,4.7,1.2,0.3,1.6,46.2,79.6,,Achilles
175,Tyus Jones,ORL,G,76,25.0,9.8,2.5,5.0,1.0,0.0,1.3,44.7,82.5,,
176,Ty Jerome,MEM,G,65,20.1,12.1,2.0,3.4,1.0,0.1,1.5,49.9,87.0,,
177,Kyle Filipowski,UTA,C,72,25.9,13.6,8.0,2.8,0.9,0.5,1.5,51.8,67.8,,Back
178,Obi Toppin,IND,F,80,22.5,11.4,4.5,1.6,0.5,0.6,1.6,52.3,78.3,,
179,Davion Mitchell,MIA,G,75,29.0,8.7,2.3,4.4,1.0,0.3,1.2,46.3,69.7,,Calf
180,Jared McCain,PHI,G,60,24.0,13.7,2.6,2.7,0.8,0.1,1.9,48.0,87.7,,Thumb
181,Gary Trent,MIL,G,69,27.8,12.6,2.5,1.5,1.1,0.2,2.5,42.4,81.7,,
182,Kris Dunn,LAC,G,66,24.0,6.1,3.1,2.9,1.7,0.5,1.0,44.2,68.8,,
183,Kentavious Caldwell-Pope,MEM,G,76,30.0,10.6,3.4,1.9,1.1,0.3,1.7,43.9,88.7,,
184,Max Strus,CLE,F,55,29.0,10.1,4.2,3.3,0.5,0.3,2.1,41.5,81.1,,Foot
185,Isaiah Joe,OKC,G,72,23.0,11.3,3.0,1.8,0.7,0.2,2.7,44.4,84.8,,
186,Max Christie,DAL,G,70,27.0,10.4,3.2,2.2,0.9,0.5,1.5,43.3,83.9,,
187,Dennis Schroder,SAC,G,70,23.8,11.0,2.3,4.3,0.7,0.1,1.3,42.5,84.4,,
188,Peyton Watson,DEN,F,72,24.5,8.4,4.3,1.6,0.6,1.3,0.7,46.0,68.4,,
189,Caris LeVert,DET,G,65,23.3,10.6,3.0,3.3,0.8,0.4,1.4,43.2,74.5,,
190,Russell Westbrook,,G,65,19.0,8.8,3.4,4.2,1.0,0.4,0.8,43.3,67.2,,Hand
191,Grayson Allen,PHO,G,67,26.0,10.1,3.2,2.3,0.7,0.3,2.0,46.9,88.0,,
192,Miles McBride,NY,G,64,23.7,10.6,2.1,2.6,1.0,0.2,2.0,43.7,83.8,,
193,Jonathan Kuminga,GS,F,68,26.0,14.2,4.3,2.0,0.8,0.4,0.9,47.5,72.1,,
194,Buddy Hield,GS,G,81,23.0,10.7,3.0,2.2,0.7,0.2,2.3,43.3,85.7,,
195,Chris Boucher,BOS,F,65,21.1,11.5,5.9,0.7,0.5,0.6,1.5,48.6,77.1,,
196,Grant Williams,CHR,F,70,27.0,9.3,4.5,1.8,0.5,0.6,1.5,44.5,77.6,,Knee
197,Collin Murray-Boyles,TOR,F,70,20.0,7.7,4.6,1.6,1.2,0.8,0.5,48.8,70.8,,
198,Yves Missi,NOR,C,75,28.0,10.2,9.0,1.5,0.6,1.5,0.0,57.7,63.9,,
199,Patrick Williams,CHI,F,70,25.0,8.7,4.1,1.7,0.8,0.8,1.3,42.5,75.0,,
200,Cedric Coward,MEM,G,70,25.5,10.3,3.6,2.6,0.5,0.4,1.6,43.7,84.1,,
201,Corey Kispert,WAS,F,75,24.9,12.1,2.7,1.7,0.5,0.3,2.0,48.7,81.3,,
202,AJ Green,MIL,G,69,26.0,9.8,2.9,1.8,0.6,0.2,2.7,42.7,86.0,,
203,Jose Alvarado,NOR,G,60,18.7,8.3,2.1,3.0,1.1,0.2,1.6,42.6,78.9,,Knee
204,Rui Hachimura,LAL,F,65,29.0,11.4,4.6,1.3,0.7,0.4,1.5,49.6,75.2,,
205,VJ Edgecombe,PHI,G,73,26.9,9.1,3.0,2.7,1.2,0.3,1.1,44.0,80.0,,
206,Kelly Oubre,PHI,F,65,26.0,11.0,4.6,1.1,1.0,0.4,1.3,44.6,76.2,,
207,Keldon Johnson,SAN,F,70,24.0,12.1,4.6,1.8,0.7,0.2,1.3,47.3,76.8,,
208,Taurean Prince,MIL,F,75,27.0,8.8,3.0,1.9,0.8,0.3,1.9,44.4,80.3,,
209,Kyle Anderson,UTA,F,70,20.0,7.1,3.8,3.0,0.8,0.6,0.4,48.4,69.7,,
210,Duncan Robinson,DET,F,70,23.4,10.4,2.3,2.1,0.5,0.2,2.4,43.3,87.9,,
211,Caleb Martin,DAL,F,65,22.0,8.7,4.0,1.8,0.9,0.5,1.1,44.3,78.4,,
212,Mouhamed Gueye,ATL,F,65,16.0,6.1,4.3,0.9,1.0,1.0,0.7,42.6,77.3,,
213,Jordan Hawkins,NOR,G,67,23.1,11.5,3.0,1.5,0.6,0.3,2.1,39.7,84.1,,
214,Jonathan Isaac,ORL,F,58,16.0,6.1,4.6,0.6,0.8,1.2,0.7,45.0,71.4,,
215,Neemias Queta,BOS,C,65,23.3,10.2,7.2,1.4,0.6,1.4,0.0,62.8,73.5,,
216,Isaiah Stewart,DET,F,65,19.0,5.5,5.3,1.7,0.4,1.1,0.3,52.9,74.4,,
217,Cole Anthony,MIL,G,65,18.0,9.7,3.1,2.6,0.6,0.4,1.1,43.3,85.0,,Undisclosed
218,Mike Conley,MIN,G,70,22.9,7.0,2.1,3.4,0.8,0.2,1.6,40.6,82.8,,Rest
219,Jeremiah Fears,NOR,G,72,24.0,12.2,3.4,2.4,0.8,0.1,1.1,40.9,83.6,,
220,Kevin Huerter,CHI,G,71,23.0,9.8,2.7,2.1,0.7,0.3,1.8,44.3,76.4,,
221,Tre Jones,CHI,G,70,19.8,6.9,2.7,4.4,0.8,0.1,0.5,49.7,85.7,,
222,Baylor Scheierman,BOS,G,60,20.2,7.9,3.7,2.0,0.9,0.2,1.6,39.8,85.1,,
223,Derrick Jones,LAC,F,70,23.3,9.4,3.4,0.8,0.9,0.6,0.9,52.1,72.8,,
224,Daniel Gafford,DAL,C,70,20.0,9.6,6.0,1.1,0.4,1.6,0.0,70.9,68.5,,Ankle
225,Walter Clayton,UTA,G,70,20.5,10.0,2.5,2.5,0.7,0.2,1.4,43.9,86.1,,
226,Luke Kennard,ATL,G,65,19.0,7.9,2.3,2.7,0.5,0.2,1.8,47.6,90.0,,
227,Marcus Smart,LAL,G,60,18.9,7.5,2.1,2.8,1.1,0.2,1.1,42.2,75.0,,Achilles
228,Malcolm Brogdon,NY,G,50,17.0,8.6,2.4,3.0,0.5,0.2,1.1,44.4,85.2,,
229,Harrison Barnes,SAN,F,81,27.0,11.5,3.2,1.2,0.6,0.1,1.7,46.3,82.7,,
230,Terry Rozier,MIA,G,60,18.0,9.5,2.3,2.5,0.7,0.2,1.2,44.4,83.2,,Hamstring
231,Asa Newell,ATL,F,65,17.3,8.2,4.0,0.7,0.6,1.0,0.5,51.3,75.2,,
232,Dorian Finney-Smith,HOU,F,68,24.0,7.1,3.4,1.4,0.7,0.5,1.5,43.1,70.7,,Ankle
233,Bones Hyland,MIN,G,50,15.2,7.8,2.2,2.3,0.5,0.2,1.5,41.6,84.6,,
234,Yang Hansen,POR,C,70,18.0,7.7,4.3,2.3,0.4,1.4,0.5,46.6,83.0,,
235,Brandon Williams,DAL,G,50,16.0,9.2,1.9,2.4,0.6,0.2,0.8,49.7,81.0,,Hamstring
236,Day'Ron Sharpe,BRO,C,60,19.0,8.8,7.4,1.9,0.8,1.0,0.3,53.1,71.7,,
237,Ronald Holland,DET,F,75,20.0,8.1,3.3,1.7,0.8,0.6,0.5,45.1,69.5,,
238,Bogdan Bogdanovic,LAC,G,65,19.3,8.8,2.1,2.0,0.7,0.2,1.6,43.0,88.9,,Hamstring
239,Vince Williams,MEM,F,60,18.0,7.4,3.6,2.0,0.5,0.4,1.0,43.9,80.4,,
240,Ben Simmons,,F,50,15.0,4.4,4.7,3.6,0.6,0.3,0.0,54.1,60.5,,
241,Jared Butler,PHO,G,45,14.2,6.4,1.8,2.5,0.7,0.3,1.1,40.3,71.4,,
242,Ajay Mitchell,OKC,G,60,19.0,8.2,2.4,2.5,0.8,0.2,0.8,48.7,80.4,,Ankle
243,Ryan Dunn,PHO,F,74,19.0,8.3,3.8,0.9,0.7,0.6,1.3,44.9,60.0,,
244,Wendell Carter,ORL,C,61,26.3,11.1,7.0,2.1,0.5,0.6,1.0,49.8,71.1,,
245,Dennis Smith,DAL,G,24,9.4,3.4,1.3,2.0,0.6,0.2,0.3,42.9,71.4,,
246,Nigel Hayes-Davis,PHO,F,58,15.8,8.1,4.1,1.0,0.8,0.3,0.8,47.9,86.5,,
247,Josh Green,CHR,F,66,22.1,7.4,2.7,1.5,0.9,0.2,1.2,49.2,72.4,,Shoulder
248,Dalton Knecht,LAL,F,75,19.0,10.4,2.9,0.9,0.4,0.2,1.9,46.7,77.6,,
249,Brice Sensabaugh,UTA,F,67,16.0,8.7,2.6,1.3,0.6,0.2,1.7,45.6,90.6,,
250,Quinten Post,GS,C,69,19.1,10.3,4.4,1.6,0.4,0.6,2.1,44.9,80.4,,
251,Bryce McGowens,NOR,G,40,13.1,6.7,4.6,0.9,0.3,0.6,0.4,55.7,73.4,,
252,Tre Mann,CHR,G,65,17.0,8.2,2.4,2.4,0.7,0.2,1.2,41.9,77.3,,
253,Isaiah Jackson,IND,C,60,19.0,8.3,5.2,0.4,0.9,1.5,0.1,57.8,65.8,,Achilles
254,Dante Exum,DAL,G,55,19.0,7.0,2.5,2.7,0.5,0.1,0.9,49.8,78.6,,
255,Robert Covington,,F,22,11.2,3.5,2.3,0.5,0.6,0.5,0.7,42.9,77.8,,Knee
256,Josh Richardson,,G,21,8.6,3.6,1.0,0.6,0.3,0.1,0.6,43.3,91.7,,Heel
257,Marcus Sasser,DET,G,65,16.0,7.0,1.4,2.7,0.7,0.1,1.1,42.9,87.0,,
258,Evan Fournier,,G,28,12.4,6.0,1.1,0.9,0.4,0.1,1.3,42.3,70.6,,
259,Al Horford,GS,C,62,23.3,7.3,5.1,1.9,0.5,0.7,1.7,45.7,82.8,,
260,Terrence Shannon,MIN,F,70,18.0,8.9,2.5,2.0,0.5,0.3,0.9,48.2,81.7,,
261,Terance Mann,BRO,G,70,20.0,8.4,3.2,1.8,0.7,0.2,1.0,49.6,76.8,,
262,Thaddeus Young,,F,27,12.1,4.7,3.0,1.5,0.8,0.3,0.3,52.4,57.9,,
263,Malik Beasley,,G,40,15.0,7.3,2.1,0.9,0.5,0.1,1.8,41.4,76.9,,
264,Tidjane Salaun,CHR,F,67,21.5,7.7,4.9,1.4,0.5,0.3,1.2,37.2,73.0,,
265,Cody Martin,,G,50,18.4,5.3,2.8,1.8,0.9,0.3,0.6,46.9,71.7,,
266,Vasilije Micic,,G,57,15.2,6.1,1.8,3.9,0.5,0.0,0.6,45.1,83.3,,
267,Naji Marshall,DAL,F,70,19.0,8.2,3.2,2.0,0.7,0.2,0.7,47.6,79.2,,
268,Patty Mills,,G,29,13.8,5.3,0.9,1.1,0.3,0.1,1.3,40.0,80.0,,
269,Haywood Highsmith,BRO,F,65,19.8,5.7,3.2,1.4,0.8,0.4,1.1,44.0,69.2,,Knee
270,Markelle Fultz,,G,25,10.0,3.8,1.5,1.4,0.5,0.1,0.1,43.8,69.2,,
271,Ryan Kalkbrenner,CHR,C,71,20.4,8.5,5.3,0.9,0.4,1.4,0.3,59.9,69.3,,
272,Johnny Furphy,IND,F,65,18.0,6.2,3.6,1.3,0.7,0.4,1.0,41.1,83.0,,
273,David Duke,PHO,G,22,8.2,2.5,1.6,0.4,0.3,0.2,0.2,36.8,81.8,,
274,Kobe Bufkin,BRO,G,60,16.0,7.8,2.7,2.2,0.5,0.4,0.8,40.2,73.9,,
275,Seth Curry,GS,G,43,15.1,6.8,1.4,1.6,0.4,0.1,1.3,47.1,86.2,,Not Injury Related
276,Ziaire Williams,BRO,F,60,22.0,8.2,2.1,1.1,0.8,0.2,1.3,44.5,81.5,,
277,Gabe Vincent,LAL,G,65,20.0,6.9,1.6,2.1,0.8,0.2,1.3,41.6,86.4,,
278,Adem Bona,PHI,C,65,19.0,7.4,5.3,0.6,0.4,1.5,0.0,69.6,70.3,,
279,Xavier Tillman,BOS,F,60,15.5,6.1,3.6,1.4,1.1,0.3,0.4,49.8,64.9,,
280,Nolan Traore,BRO,G,58,14.3,7.1,2.7,1.7,0.5,0.4,0.6,45.6,82.9,,
281,Nikola Topic,OKC,G,58,13.2,6.2,2.6,1.9,0.5,0.5,0.7,43.5,72.1,,
282,Lonnie Walker,,G,58,18.8,8.4,2.1,1.8,0.5,0.2,1.1,40.8,80.0,,
283,Justin Robinson,,G,25,12.2,3.1,0.8,1.3,0.4,0.0,0.7,30.1,50.0,,
284,Rob Dillingham,MIN,G,65,14.9,7.3,1.5,3.0,0.6,0.1,0.9,44.8,81.1,,
285,Matisse Thybulle,POR,F,65,18.0,3.6,1.6,0.8,1.2,0.8,0.5,44.7,66.7,,
286,Georges Niang,UTA,F,75,18.0,8.5,3.0,1.3,0.4,0.1,1.8,45.2,83.3,,Foot
287,De'Anthony Melton,GS,G,65,15.0,5.8,2.2,1.5,0.9,0.3,1.1,40.7,81.4,,Knee
288,Tristan Vukcevic,WAS,C,35,15.0,9.6,3.9,1.3,0.4,0.7,1.2,48.4,77.6,,
289,Danuel House,,F,25,12.2,4.2,1.9,0.7,0.4,0.3,0.7,41.0,75.0,,
290,Amir Coffey,MIL,F,67,19.5,7.8,2.4,1.5,0.5,0.2,1.2,45.8,84.7,,
291,Svi Mykhailiuk,UTA,G,30,12.8,4.6,1.6,0.8,0.5,0.1,0.7,39.2,85.0,,
292,Khaman Maluach,PHO,C,71,21.1,10.5,5.5,0.4,0.4,1.2,0.6,51.3,76.7,,
293,Jusuf Nurkic,UTA,C,55,18.9,7.6,7.2,2.3,0.7,0.6,0.5,48.8,65.8,,
294,Cory Joseph,,G,29,10.0,3.3,1.1,1.5,0.3,0.1,0.4,45.2,90.0,,
295,Gary Payton,GS,G,55,15.8,6.0,3.1,0.8,1.1,0.3,0.5,57.5,62.5,,
296,Bruce Brown,DEN,G,69,19.7,7.5,3.1,2.0,0.7,0.2,0.6,47.7,81.1,,
297,Derik Queen,NOR,C,65,23.0,8.9,6.7,1.8,0.8,0.7,0.2,48.8,76.0,,Wrist
298,Danny Wolf,BRO,F,68,13.4,6.5,3.1,2.5,0.3,0.4,0.5,46.3,80.0,,
299,Darius Bazley,,F,25,11.1,4.3,2.5,0.6,0.3,0.3,0.5,41.5,68.0,,Leg
300,Nicolas Batum,LAC,F,70,16.0,5.3,2.8,1.1,0.6,0.5,1.2,44.9,75.9,,
301,Saddiq Bey,NOR,F,64,18.0,8.0,2.9,1.5,0.5,0.1,1.2,42.2,82.4,,
302,Isaiah Livers,PHO,F,56,17.1,5.4,2.6,0.9,0.6,0.3,1.2,45.8,85.7,,
303,John Konchar,MEM,F,58,16.7,4.5,4.3,1.4,0.7,0.3,0.7,51.5,54.1,,
304,Aaron Holiday,HOU,G,60,16.0,6.3,1.9,2.4,0.7,0.1,0.6,44.7,85.9,,
305,Doug McDermott,SAC,F,65,19.7,9.8,1.8,1.0,0.2,0.1,1.9,45.7,81.1,,
306,Brandon Clarke,MEM,C,60,20.0,9.5,5.2,1.3,0.7,0.8,0.1,61.1,71.3,,Knee
307,Guerschon Yabusele,NY,F,70,18.1,6.6,3.6,1.3,0.6,0.2,0.8,51.7,71.9,,
308,Bronny James,LAL,G,25,4.7,2.1,1.0,0.4,0.2,0.1,0.3,39.6,77.8,,
309,Brook Lopez,LAC,C,75,19.9,7.5,3.2,1.0,0.4,1.2,1.0,50.0,81.7,,
310,Kasparas Jakucionis,MIA,G,62,14.2,7.5,2.0,2.2,0.5,0.1,0.6,45.9,85.6,,Wrist
311,Kendall Brown,BOS,F,21,4.9,2.5,1.7,0.3,0.1,0.2,0.1,55.6,69.2,,
312,Ochai Agbaji,TOR,F,69,19.4,6.9,2.4,1.3,0.6,0.5,0.8,40.8,74.5,,
313,Dariq Whitehead,BRO,F,40,12.0,6.0,1.6,1.0,0.3,0.1,1.5,43.2,66.7,,
314,GG Jackson,MEM,F,65,15.0,8.7,2.8,0.7,0.4,0.4,1.2,44.6,76.7,,
315,Jaden Hardy,DAL,G,60,13.0,7.6,1.7,0.9,0.3,0.5,1.0,43.7,81.3,,
316,Jae Crowder,,F,61,15.5,5.2,2.9,1.0,0.8,0.2,1.0,39.9,80.0,,
317,Kira Lewis,,G,30,7.3,3.3,0.8,1.0,0.2,0.0,0.4,42.6,87.5,,
318,Tristan da Silva,ORL,F,74,18.0,7.1,2.9,1.4,0.4,0.3,1.0,43.4,84.9,,
319,Jalen Pickett,DEN,G,32,7.7,3.0,0.9,1.5,0.2,0.0,0.3,42.9,82.4,,
320,Jordan Nwora,,F,39,12.2,5.8,2.3,0.6,0.3,0.2,1.1,42.5,88.2,,
321,Kyle Lowry,PHI,G,54,15.0,4.1,1.7,2.3,0.5,0.1,0.8,42.9,86.1,,Rest
322,Malachi Flynn,,G,38,11.1,3.9,1.3,1.4,0.4,0.1,0.6,39.6,63.2,,
323,Zach Collins,CHI,C,63,18.0,8.0,5.0,2.1,0.5,0.6,0.7,49.5,80.4,,
324,Robert Williams,POR,C,50,15.0,4.5,5.0,1.0,0.5,1.2,0.0,64.7,78.4,,Knee
325,Jarred Vanderbilt,LAL,F,65,16.0,4.4,5.3,0.8,0.8,0.4,0.0,58.5,66.7,,
326,Gui Santos,GS,F,33,7.7,4.0,2.7,0.5,0.2,0.3,0.2,55.6,74.2,,
327,Nick Richards,PHO,C,64,19.9,8.2,6.8,0.7,0.4,1.0,0.0,64.1,74.1,,
328,Devin Carter,SAC,G,69,14.0,6.3,2.6,1.7,0.8,0.2,0.8,40.1,75.4,,
329,Cody Williams,UTA,F,68,20.0,7.6,2.3,1.1,0.5,0.4,0.6,47.9,72.6,,
330,Nick Smith,LAL,G,64,15.4,6.5,1.8,0.7,0.7,0.4,1.0,41.0,79.5,,
331,Kenrich Williams,OKC,F,42,13.1,4.5,2.7,1.3,0.5,0.1,0.5,45.4,60.7,,Knee
332,Tony Bradley,IND,C,60,20.0,8.8,7.0,0.8,0.4,0.8,0.1,63.4,66.7,,
333,Cam Spencer,MEM,G,60,12.0,5.9,1.6,1.7,0.5,0.1,1.1,43.1,89.1,,
334,Carter Bryant,SAN,F,66,16.8,4.8,2.0,0.7,0.6,0.6,0.7,46.7,71.4,,
335,Dean Wade,CLE,F,60,20.0,5.5,3.1,1.1,0.6,0.2,1.0,45.5,67.6,,
336,Ish Smith,,G,40,8.6,3.2,1.1,1.9,0.4,0.2,0.2,43.5,71.4,,
337,Ousmane Dieng,OKC,F,46,12.2,4.8,2.2,1.1,0.2,0.5,0.3,45.5,70.3,,
338,Ryan Rollins,MIL,G,65,11.1,5.1,1.7,1.6,0.7,0.3,0.7,48.6,82.0,,
339,Javonte Green,DET,F,49,14.4,4.4,2.6,0.6,0.6,0.3,0.3,54.3,82.2,,
340,Luka Garza,BOS,C,65,20.1,13.0,5.2,1.2,0.5,0.3,1.1,49.8,71.0,,
341,Trendon Watford,PHI,F,60,12.1,6.0,2.8,1.1,0.4,0.4,0.4,53.3,75.9,,Hamstring
342,Chuma Okeke,,F,46,10.2,3.7,2.0,0.7,0.6,0.3,0.7,39.6,88.2,,
343,Cam Reddish,,F,54,13.7,6.7,1.4,0.6,0.6,0.2,0.9,40.3,87.8,,
344,Jordan McLaughlin,SAN,G,59,12.6,3.3,1.3,2.5,0.8,0.1,0.4,44.2,75.8,,Undisclosed
345,Clint Capela,HOU,C,64,19.4,7.5,7.6,0.9,0.4,1.0,0.0,56.9,60.2,,
346,AJ Johnson,WAS,G,60,15.4,6.2,1.5,2.2,0.4,0.1,0.8,40.8,84.4,,Leg
347,Eric Gordon,PHI,G,50,14.0,5.7,0.9,1.2,0.2,0.2,1.1,43.3,82.5,,
348,Tim Hardaway,DEN,F,72,19.9,7.5,1.8,1.2,0.4,0.1,1.5,39.9,84.9,,
349,Jaylin Williams,OKC,C,61,14.0,4.9,4.9,2.2,0.4,0.6,1.0,44.4,76.5,,
350,Shake Milton,,G,52,13.6,5.4,1.6,1.6,0.3,0.2,0.5,45.0,84.1,,
351,Patrick Baldwin,LAC,F,58,14.4,6.7,2.4,0.9,0.3,0.2,1.4,40.2,72.5,,
352,Will Riley,WAS,F,55,11.0,5.5,2.1,1.3,0.4,0.3,0.5,45.3,83.1,,
353,Julian Strawther,DEN,F,55,14.5,5.4,1.7,0.7,0.6,0.4,0.6,41.9,79.7,,
354,Landry Shamet,NY,G,55,15.1,6.3,1.3,1.1,0.3,0.1,1.4,41.4,85.1,,
355,Blake Wesley,POR,G,40,10.0,3.8,1.1,1.6,0.5,0.1,0.4,38.4,62.2,,
356,Dillon Jones,WAS,F,63,13.1,7.3,1.5,2.0,0.3,0.1,1.0,40.5,82.8,,
357,Jaylon Tyson,CLE,F,63,13.1,7.3,1.5,2.0,0.3,0.1,1.0,40.5,82.8,,
358,Mo Bamba,UTA,C,47,14.4,6.0,4.1,0.7,0.3,0.9,0.9,48.5,81.5,,
359,Ben Sheppard,IND,G,66,20.0,6.5,2.3,0.9,0.8,0.0,1.2,41.9,86.4,,Undisclosed
360,Mitchell Robinson,NY,C,50,20.0,5.3,6.4,0.4,0.8,1.0,0.0,68.1,47.5,,
361,Reggie Jackson,,G,63,13.1,7.3,1.5,2.0,0.3,0.1,1.0,40.5,82.8,,
362,Jae'Sean Tate,HOU,F,67,13.0,6.3,2.7,1.4,0.5,0.3,0.6,49.0,73.1,,
363,Cedi Osman,,F,68,15.1,7.0,1.5,1.4,0.5,0.1,1.2,44.0,68.5,,
364,E.J. Liddell,BRO,F,39,7.7,3.9,2.7,0.5,0.2,0.3,0.2,55.7,73.0,,
365,Hugo Gonzalez,BOS,F,33,6.0,3.0,1.2,0.7,0.2,0.2,0.2,46.1,84.0,,
366,Vit Krejci,ATL,G,53,14.0,4.3,1.7,1.4,0.4,0.2,0.8,46.7,83.3,,
367,Jake LaRavia,LAL,F,46,12.7,6.5,2.2,0.8,0.2,0.2,0.4,55.8,72.2,,
368,Jabari Walker,PHI,F,61,13.9,5.8,4.8,0.7,0.3,0.3,0.4,48.0,75.3,,
369,Nassir Little,,F,55,13.0,4.8,2.8,0.6,0.3,0.4,0.6,45.9,74.5,,Undisclosed
370,Isaac Okoro,CHI,F,70,17.7,6.4,1.9,1.1,0.5,0.3,0.9,48.2,73.6,,
371,Chris Duarte,,F,45,11.4,5.5,1.7,0.8,0.4,0.1,0.7,44.4,83.8,,
372,Johnny Davis,,G,58,14.4,6.1,2.7,1.0,0.6,0.3,0.6,42.2,59.7,,
373,Malaki Branham,WAS,G,40,9.0,4.3,0.9,0.9,0.2,0.1,0.6,43.7,84.2,,
374,Joe Ingles,MIN,F,58,14.0,4.5,1.6,2.0,0.3,0.1,1.1,42.2,77.8,,
375,Charles Bassey,ATL,C,23,7.3,3.0,2.7,0.3,0.2,0.7,0.0,63.8,75.0,,
376,Garrison Mathews,NY,G,40,8.8,3.5,1.0,0.3,0.3,0.1,0.8,41.1,81.1,,
377,Davis Bertans,,F,40,10.0,4.1,1.5,0.4,0.2,0.2,1.0,38.2,90.0,,
378,Dalano Banton,,G,68,14.5,5.6,2.3,1.9,0.6,0.2,0.6,40.1,77.2,,
379,Keon Johnson,,G,60,12.0,5.6,1.7,1.3,0.5,0.2,0.8,41.0,78.5,,
380,Simone Fontecchio,MIA,F,70,16.0,6.4,2.4,1.0,0.4,0.2,1.1,44.4,84.6,,
381,Brandon Boston,,F,34,7.7,3.5,1.1,0.5,0.3,0.1,0.4,38.4,80.0,,Ankle
382,Marcus Morris,,F,51,12.8,5.7,2.0,0.9,0.2,0.2,0.9,43.4,83.3,,
383,Pat Connaughton,CHR,F,60,15.0,4.2,2.4,1.5,0.5,0.1,0.8,43.5,75.9,,
384,Justin Holiday,,F,41,11.0,3.6,1.0,0.7,0.3,0.2,0.8,39.4,78.6,,
385,Tyler Smith,MIL,F,44,8.8,3.9,2.2,0.8,0.2,0.3,0.3,44.9,74.1,,
386,Torrey Craig,,F,65,15.0,4.8,2.9,0.9,0.4,0.3,0.7,45.4,75.0,,
387,P.J. Tucker,,F,50,14.5,3.8,2.8,1.1,0.4,0.1,0.5,45.9,77.3,,
388,Devonte' Graham,,G,57,12.4,4.7,1.0,1.8,0.4,0.1,0.9,37.0,84.8,,Not Injury Related
389,Cameron Payne,,G,60,10.0,5.0,1.4,2.2,0.3,0.1,0.6,41.7,85.7,,
390,Caleb Houstan,ATL,F,50,9.4,4.1,3.3,0.6,0.2,0.4,0.3,44.6,75.6,,
391,Jalen Wilson,BRO,F,70,15.0,6.6,2.3,1.3,0.3,0.1,1.0,42.7,83.2,,
392,Olivier-Maxence Prosper,MEM,F,60,15.0,5.8,1.7,0.7,0.3,0.4,0.6,44.7,79.1,,
393,Troy Brown,,F,38,9.8,2.6,1.9,0.6,0.3,0.1,0.4,41.8,77.8,,
394,Delon Wright,IND,G,60,12.0,3.0,1.8,1.6,0.8,0.2,0.4,45.3,87.1,,
395,Ben Saraf,BRO,G,65,11.2,5.6,2.1,1.4,0.4,0.3,0.5,45.6,82.6,,
396,Danilo Gallinari,,F,38,8.2,3.8,1.5,0.5,0.1,0.1,0.6,43.2,89.7,,
397,Goga Bitadze,ORL,C,59,15.0,7.2,3.6,1.1,0.4,0.9,0.5,52.0,68.4,,
398,Josh Minott,BOS,F,31,3.4,1.7,1.2,0.2,0.1,0.1,0.1,56.8,69.2,,
399,Gary Harris,MIL,G,50,14.0,3.9,1.0,0.9,0.5,0.1,0.8,44.2,81.0,,
400,Julian Champagnie,SAN,F,36,7.8,2.3,2.0,0.3,0.2,0.1,0.3,46.3,100.0,,
401,Andre Jackson,MIL,F,68,15.0,3.8,2.9,1.4,0.6,0.2,0.5,50.0,71.0,,
402,Jonas Valanciunas,DEN,C,77,16.0,8.8,6.4,1.6,0.3,0.5,0.3,55.2,82.4,,
403,JD Davison,HOU,G,55,8.9,4.6,3.1,0.6,0.2,0.4,0.3,56.1,73.3,,
404,KJ Martin,,F,55,12.5,5.5,2.5,0.8,0.3,0.3,0.4,55.3,67.2,,
405,Jett Howard,ORL,F,55,12.5,5.3,1.5,0.6,0.3,0.3,0.9,40.3,80.4,,
406,Kelly Olynyk,SAN,C,68,15.9,6.5,3.7,2.4,0.6,0.3,0.6,51.8,82.4,,Heel
407,Jeff Green,HOU,F,57,14.8,6.1,1.8,0.8,0.2,0.2,0.4,51.5,85.6,,
408,Talen Horton-Tucker,,G,60,10.0,4.6,1.3,1.7,0.4,0.2,0.6,40.8,76.0,,
409,Bismack Biyombo,SAN,C,35,13.7,5.7,4.5,0.6,0.3,0.7,0.0,59.1,53.7,,
410,Pacome Dadiet,NY,F,45,10.0,3.6,1.7,0.5,0.3,0.2,0.6,36.9,74.2,,
411,Trayce Jackson-Davis,GS,C,72,17.0,6.4,4.9,1.2,0.4,1.0,0.0,64.4,58.2,,
412,Bol Bol,,F,44,9.9,4.2,2.5,0.6,0.1,0.3,0.2,57.2,40.7,,
413,Josh Okogie,HOU,F,60,12.0,4.3,2.3,0.6,0.6,0.3,0.6,39.8,72.9,,
414,Leonard Miller,MIN,F,44,6.9,2.7,0.8,1.0,0.3,0.2,0.3,43.9,78.3,,Finger
415,Moussa Diabate,CHR,C,70,19.0,6.6,6.6,1.0,0.8,0.7,0.0,58.4,62.3,,
416,Tristan Thompson,,C,21,7.0,2.7,2.2,0.3,0.2,0.1,0.0,52.3,52.6,,
417,Liam McNeeley,CHR,F,62,9.8,4.9,1.9,1.2,0.3,0.3,0.4,45.5,83.1,,
418,Karlo Matkovic,NOR,C,65,13.8,6.1,2.9,1.2,0.6,0.8,0.4,53.4,74.6,,
419,Lamar Stevens,,F,49,12.2,4.6,2.0,0.5,0.4,0.2,0.2,48.9,70.5,,
420,Keita Bates-Diop,,F,38,7.0,2.5,1.7,0.3,0.2,0.1,0.1,52.1,76.5,,
421,Jase Richardson,ORL,G,66,10.4,5.2,2.0,1.3,0.3,0.3,0.4,45.7,82.8,,
422,Oshae Brissett,,F,51,9.1,3.7,2.1,0.4,0.3,0.3,0.5,43.3,73.5,,
423,Jeremiah Robinson-Earl,DAL,F,45,9.0,3.0,2.3,0.4,0.2,0.1,0.5,41.3,75.0,,
424,Anthony Gill,WAS,F,44,8.2,3.2,1.5,0.5,0.1,0.2,0.3,56.5,80.5,,
425,Bobi Klintman,DET,F,48,9.5,3.4,2.3,0.5,0.4,0.2,0.3,43.3,77.8,,
426,Nique Clifford,SAC,G,61,9.4,4.7,1.8,1.1,0.3,0.2,0.4,45.7,82.2,,
427,Noa Essengue,CHI,F,66,18.5,6.0,3.0,0.7,0.4,0.2,0.4,45.9,74.0,,
428,Moritz Wagner,ORL,C,60,15.0,8.7,3.6,1.4,0.3,0.2,1.1,48.5,81.8,,Knee
429,Wendell Moore,,F,40,4.5,2.3,1.6,0.3,0.1,0.2,0.1,55.6,72.7,,
430,Kai Jones,,C,23,6.6,2.3,1.2,0.4,0.1,0.2,0.1,64.7,36.8,,
431,Vlatko Cancar,,F,66,13.2,4.7,2.3,1.3,0.2,0.2,0.5,56.2,65.2,,
432,Paul Reed,DET,C,50,11.0,4.2,3.4,0.6,1.2,0.5,0.1,56.0,44.0,,
433,Alec Burks,,G,60,10.0,4.7,1.4,1.0,0.3,0.1,0.8,39.1,81.7,,
434,Drake Powell,BRO,F,68,13.2,5.1,2.1,1.2,0.4,0.1,0.6,46.7,66.7,,Knee
435,Kobe Brown,LAC,F,50,9.8,3.6,1.1,0.5,0.2,0.3,0.4,41.8,80.6,,Ankle
436,Luke Kornet,SAN,C,66,14.7,5.0,4.0,1.1,0.3,0.9,0.0,67.2,76.5,,
437,Trey Lyles,,F,60,10.0,5.1,2.5,0.6,0.2,0.2,0.5,46.6,81.1,,
438,Jalen Smith,CHI,C,64,15.0,7.4,5.0,0.4,0.3,0.7,0.7,47.7,79.2,,
439,Ja'Kobe Walter,TOR,G,68,15.0,6.1,1.7,0.8,0.5,0.1,0.8,39.9,81.1,,
440,Jock Landale,MEM,C,65,18.0,8.1,4.2,1.4,0.3,0.4,0.5,51.0,76.7,,
441,Monte Morris,,G,60,10.0,4.2,1.0,1.5,0.3,0.1,0.6,47.3,87.0,,
442,Joe Harris,,F,54,11.0,4.0,1.5,0.4,0.2,0.1,1.1,42.5,87.5,,
443,Thomas Bryant,CLE,C,36,9.7,4.1,2.7,0.5,0.1,0.4,0.3,54.4,81.3,,
444,Spencer Dinwiddie,CHR,G,65,12.0,4.6,1.2,1.8,0.3,0.1,0.6,41.1,79.7,,
445,JT Thor,,F,54,9.3,2.4,1.5,0.7,0.3,0.4,0.2,43.8,60.5,,
446,Steven Adams,HOU,C,58,15.0,4.3,5.7,1.5,0.5,0.7,0.0,58.7,41.4,,
447,Dalen Terry,CHI,F,65,12.0,4.0,1.8,1.3,0.5,0.1,0.3,43.5,70.0,,
448,Mike Muscala,,C,48,9.9,5.7,2.2,0.4,0.3,0.4,1.1,44.7,87.0,,
449,DeAndre Jordan,,C,33,7.7,2.6,3.3,0.3,0.2,0.4,0.0,65.5,56.3,,
450,MarJon Beauchamp,POR,F,65,12.8,5.4,2.4,0.8,0.2,0.2,0.4,47.1,74.6,,
451,Tyler Kolek,NY,G,63,9.2,5.2,1.1,1.4,0.2,0.1,0.7,40.6,85.0,,
452,Terry Taylor,,F,48,7.2,3.3,1.7,0.4,0.1,0.1,0.1,62.3,72.0,,
453,Hunter Tyson,DEN,F,65,11.1,3.1,1.8,1.1,0.4,0.2,0.3,46.2,72.4,,
454,Cody Zeller,,C,26,4.0,1.3,1.4,0.2,0.1,0.1,0.0,54.5,78.6,,
455,Dewayne Dedmon,,C,35,7.8,3.1,2.8,0.3,0.2,0.3,0.1,56.8,73.1,,
456,Andre Drummond,PHI,C,65,16.0,6.0,6.4,0.6,0.8,0.5,0.0,53.9,59.7,,
457,Jalen Hood-Schifino,,G,55,7.9,3.0,0.9,0.4,0.3,0.2,0.3,42.9,78.1,,
458,Omer Yurtseven,,C,37,8.8,3.7,3.7,0.6,0.2,0.2,0.0,52.6,64.3,,
459,Maxi Kleber,LAL,C,60,15.5,4.4,3.7,0.7,0.3,0.6,0.9,39.6,71.4,,Quadriceps
460,DaRon Holmes,DEN,C,60,10.0,4.5,2.9,0.7,0.4,0.8,0.3,54.6,68.1,,
461,Jordan Walsh,BOS,F,69,11.0,2.9,2.1,0.7,0.4,0.3,0.5,39.5,71.1,,
462,Alex Len,NY,C,32,6.0,2.3,1.6,0.4,0.1,0.3,0.1,52.7,65.0,,
463,Kessler Edwards,DEN,F,49,6.5,1.8,1.1,0.2,0.2,0.2,0.3,40.7,83.3,,
464,Damian Jones,,C,37,7.0,3.1,1.7,0.5,0.2,0.3,0.1,66.2,69.7,,
465,Kris Murray,POR,F,66,9.7,3.7,1.1,0.5,0.4,0.3,0.5,43.5,77.1,,
466,Sandro Mamukelashvili,TOR,C,35,6.7,2.5,1.3,0.4,0.1,0.1,0.4,50.0,76.9,,
467,Kevin Love,UTA,C,45,8.0,4.5,2.6,1.0,0.1,0.1,0.8,41.0,86.8,,
468,Joan Beringer,MIN,C,39,8.4,2.5,1.9,0.3,0.3,0.4,0.0,63.1,80.0,,
469,Thomas Sorber,OKC,C,55,10.8,4.1,3.0,1.1,0.4,0.5,0.2,52.5,73.8,,Knee
470,Larry Nance,CLE,C,60,14.0,4.3,3.3,1.4,0.6,0.3,0.3,51.0,71.7,,
471,David Roddy,TOR,F,66,8.8,4.1,1.5,0.8,0.2,0.2,0.4,48.4,65.8,,
472,Jaxson Hayes,LAL,C,64,13.8,6.5,3.1,0.4,0.3,0.5,0.2,61.4,78.2,,
473,James Wiseman,IND,C,55,11.8,6.1,4.2,0.4,0.1,0.5,0.1,54.4,73.0,,Achilles
474,Dario Saric,SAC,C,60,10.0,5.0,2.8,1.4,0.4,0.2,0.7,49.3,85.2,,
475,Jevon Carter,CHI,G,70,10.0,3.0,1.2,1.1,0.3,0.2,0.7,38.8,78.6,,
476,Mason Plumlee,CHR,C,71,15.0,4.1,4.7,1.9,0.5,0.4,0.0,65.8,42.2,,
477,Drew Eubanks,SAC,C,68,14.3,6.3,4.4,1.0,0.4,0.3,0.1,58.6,78.4,,
478,Marvin Bagley,WAS,C,52,11.6,5.7,3.4,0.4,0.2,0.2,0.3,51.9,69.8,,
479,Kevon Looney,NOR,C,76,14.0,4.1,5.4,1.4,0.4,0.4,0.0,57.8,62.4,,
480,Daniel Theis,,C,56,11.5,4.6,2.7,0.5,0.2,0.4,0.4,51.6,72.3,,
481,Precious Achiuwa,MIA,C,65,15.0,5.8,4.1,0.7,0.3,0.4,0.2,51.1,62.2,,
482,Duop Reath,POR,C,63,10.0,5.0,2.1,0.7,0.2,0.3,0.7,47.1,75.0,,
483,Chimezie Metu,,C,55,8.2,3.5,2.1,0.4,0.3,0.2,0.4,46.8,78.1,,
484,Dwight Powell,DAL,C,60,10.0,4.2,2.3,0.5,0.2,0.2,0.2,64.3,77.5,,
485,Zeke Nnaji,DEN,C,62,13.5,4.3,2.8,0.3,0.3,0.3,0.4,47.8,62.8,,
486,Jericho Sims,MIL,C,66,13.3,2.2,3.8,0.5,0.3,0.5,0.0,72.9,41.3,,